id,name
1,REACTOME_GLYCOGEN_BREAKDOWN_GLYCOGENOLYSIS
2,REACTOME_TRANSLATION
3,REACTOME_PYRIMIDINE_CATABOLISM
4,REACTOME_INHIBITION_OF_THE_PROTEOLYTIC_ACTIVITY_OF_APC_C_REQUIRED_FOR_THE_ONSET_OF_ANAPHASE_BY_MITOTIC_SPINDLE_CHECKPOINT_COMPONENTS
5,REACTOME_PYRUVATE_METABOLISM_AND_CITRIC_ACID_TCA_CYCLE
6,REACTOME_APOPTOTIC_CLEAVAGE_OF_CELLULAR_PROTEINS
7,REACTOME_ACTIVATION_OF_THE_PRE_REPLICATIVE_COMPLEX
8,REACTOME_PROCESSING_OF_INTRONLESS_PRE_MRNAS
9,REACTOME_GAP_JUNCTION_DEGRADATION
10,REACTOME_BASE_EXCISION_REPAIR
11,REACTOME_BILE_ACID_AND_BILE_SALT_METABOLISM
12,REACTOME_SYNTHESIS_OF_BILE_ACIDS_AND_BILE_SALTS_VIA_7ALPHA_HYDROXYCHOLESTEROL
13,REACTOME_RECYCLING_OF_BILE_ACIDS_AND_SALTS
14,REACTOME_SIGNALING_BY_RHO_GTPASES
15,REACTOME_SIGNALING_BY_WNT
16,REACTOME_METABOLISM_OF_NON_CODING_RNA
17,REACTOME_SYNTHESIS_OF_BILE_ACIDS_AND_BILE_SALTS_VIA_24_HYDROXYCHOLESTEROL
18,REACTOME_SYNTHESIS_OF_BILE_ACIDS_AND_BILE_SALTS
19,REACTOME_ANDROGEN_BIOSYNTHESIS
20,REACTOME_INSULIN_RECEPTOR_RECYCLING
21,REACTOME_NEF_MEDIATED_DOWNREGULATION_OF_MHC_CLASS_I_COMPLEX_CELL_SURFACE_EXPRESSION
22,REACTOME_SIGNALING_BY_SCF_KIT
23,REACTOME_DEVELOPMENTAL_BIOLOGY
24,REACTOME_CROSS_PRESENTATION_OF_SOLUBLE_EXOGENOUS_ANTIGENS_ENDOSOMES
25,REACTOME_SIGNALING_BY_NODAL
26,REACTOME_DAG_AND_IP3_SIGNALING
27,REACTOME_SPRY_REGULATION_OF_FGF_SIGNALING
28,REACTOME_ANTIGEN_PROCESSING_CROSS_PRESENTATION
29,REACTOME_GROWTH_HORMONE_RECEPTOR_SIGNALING
30,REACTOME_CELL_CELL_COMMUNICATION
31,REACTOME_ENDOSOMAL_VACUOLAR_PATHWAY
32,REACTOME_TETRAHYDROBIOPTERIN_BH4_SYNTHESIS_RECYCLING_SALVAGE_AND_REGULATION
33,REACTOME_MEIOSIS
34,REACTOME_G0_AND_EARLY_G1
35,REACTOME_REGULATION_OF_KIT_SIGNALING
36,REACTOME_NEF_MEDIATES_DOWN_MODULATION_OF_CELL_SURFACE_RECEPTORS_BY_RECRUITING_THEM_TO_CLATHRIN_ADAPTERS
37,REACTOME_IMMUNOREGULATORY_INTERACTIONS_BETWEEN_A_LYMPHOID_AND_A_NON_LYMPHOID_CELL
38,REACTOME_VITAMIN_B5_PANTOTHENATE_METABOLISM
39,REACTOME_METABOLISM_OF_VITAMINS_AND_COFACTORS
40,REACTOME_TRANS_GOLGI_NETWORK_VESICLE_BUDDING
41,REACTOME_RESOLUTION_OF_AP_SITES_VIA_THE_MULTIPLE_NUCLEOTIDE_PATCH_REPLACEMENT_PATHWAY
42,REACTOME_GAMMA_CARBOXYLATION_TRANSPORT_AND_AMINO_TERMINAL_CLEAVAGE_OF_PROTEINS
43,REACTOME_CELL_CYCLE
44,REACTOME_SIGNALING_BY_ERBB4
45,REACTOME_ORC1_REMOVAL_FROM_CHROMATIN
46,REACTOME_O_LINKED_GLYCOSYLATION_OF_MUCINS
47,REACTOME_SULFUR_AMINO_ACID_METABOLISM
48,REACTOME_ANTIVIRAL_MECHANISM_BY_IFN_STIMULATED_GENES
49,REACTOME_PROLACTIN_RECEPTOR_SIGNALING
50,REACTOME_SIGNALING_BY_ERBB2
51,REACTOME_SPHINGOLIPID_DE_NOVO_BIOSYNTHESIS
52,REACTOME_TERMINATION_OF_O_GLYCAN_BIOSYNTHESIS
53,REACTOME_DEFENSINS
54,REACTOME_GRB2_EVENTS_IN_ERBB2_SIGNALING
55,REACTOME_SIGNALING_BY_EGFR_IN_CANCER
56,REACTOME_BETA_DEFENSINS
57,REACTOME_SRP_DEPENDENT_COTRANSLATIONAL_PROTEIN_TARGETING_TO_MEMBRANE
58,REACTOME_PI3K_EVENTS_IN_ERBB4_SIGNALING
59,REACTOME_SHC1_EVENTS_IN_ERBB4_SIGNALING
60,REACTOME_PI3K_EVENTS_IN_ERBB2_SIGNALING
61,REACTOME_NUCLEAR_SIGNALING_BY_ERBB4
62,REACTOME_GLYCOSPHINGOLIPID_METABOLISM
63,REACTOME_DEGRADATION_OF_THE_EXTRACELLULAR_MATRIX
64,REACTOME_MITOCHONDRIAL_PROTEIN_IMPORT
65,REACTOME_SIGNALING_BY_HIPPO
66,REACTOME_ACTIVATED_NOTCH1_TRANSMITS_SIGNAL_TO_THE_NUCLEUS
67,REACTOME_TRAFFICKING_AND_PROCESSING_OF_ENDOSOMAL_TLR
68,REACTOME_SIGNALING_BY_NOTCH4
69,REACTOME_DOWNSTREAM_SIGNALING_EVENTS_OF_B_CELL_RECEPTOR_BCR
70,REACTOME_ACTIVATION_OF_NF_KAPPAB_IN_B_CELLS
71,REACTOME_YAP1_AND_WWTR1_TAZ_STIMULATED_GENE_EXPRESSION
72,REACTOME_SIGNALING_BY_NOTCH2
73,REACTOME_PRE_NOTCH_EXPRESSION_AND_PROCESSING
74,REACTOME_SIGNALING_BY_THE_B_CELL_RECEPTOR_BCR
75,REACTOME_EXTRACELLULAR_MATRIX_ORGANIZATION
76,REACTOME_NOTCH1_INTRACELLULAR_DOMAIN_REGULATES_TRANSCRIPTION
77,REACTOME_PRE_NOTCH_PROCESSING_IN_GOLGI
78,REACTOME_SIGNALING_BY_NOTCH1
79,REACTOME_SIGNALING_BY_NOTCH3
80,REACTOME_TRIGLYCERIDE_BIOSYNTHESIS
81,REACTOME_INSULIN_RECEPTOR_SIGNALLING_CASCADE
82,REACTOME_ARMS_MEDIATED_ACTIVATION
83,REACTOME_PROLONGED_ERK_ACTIVATION_EVENTS
84,REACTOME_SIGNALLING_TO_RAS
85,REACTOME_SIGNALING_BY_BMP
86,REACTOME_CELL_SURFACE_INTERACTIONS_AT_THE_VASCULAR_WALL
87,REACTOME_SIGNALLING_TO_ERKS
88,REACTOME_P38MAPK_EVENTS
89,REACTOME_ACYL_CHAIN_REMODELLING_OF_PI
90,REACTOME_TGF_BETA_RECEPTOR_SIGNALING_IN_EMT_EPITHELIAL_TO_MESENCHYMAL_TRANSITION
91,REACTOME_DOWNREGULATION_OF_TGF_BETA_RECEPTOR_SIGNALING
92,REACTOME_COLLAGEN_FORMATION
93,REACTOME_SIGNALING_BY_FGFR_IN_DISEASE
94,REACTOME_HS_GAG_DEGRADATION
95,REACTOME_SYNTHESIS_OF_PIPS_AT_THE_EARLY_ENDOSOME_MEMBRANE
96,REACTOME_SIGNALLING_TO_P38_VIA_RIT_AND_RIN
97,REACTOME_ACYL_CHAIN_REMODELLING_OF_PC
98,REACTOME_SYNTHESIS_OF_PIPS_AT_THE_GOLGI_MEMBRANE
99,REACTOME_TGF_BETA_RECEPTOR_SIGNALING_ACTIVATES_SMADS
100,REACTOME_PHOSPHOLIPID_METABOLISM
101,REACTOME_CS_DS_DEGRADATION
102,REACTOME_SYNTHESIS_OF_PA
103,REACTOME_SYNTHESIS_OF_PIPS_AT_THE_LATE_ENDOSOME_MEMBRANE
104,REACTOME_SYNTHESIS_OF_PE
105,REACTOME_GASTRIN_CREB_SIGNALLING_PATHWAY_VIA_PKC_AND_MAPK
106,REACTOME_CHONDROITIN_SULFATE_BIOSYNTHESIS
107,REACTOME_HYALURONAN_UPTAKE_AND_DEGRADATION
108,REACTOME_SYNTHESIS_OF_PIPS_AT_THE_PLASMA_MEMBRANE
109,REACTOME_THE_ACTIVATION_OF_ARYLSULFATASES
110,REACTOME_HYALURONAN_METABOLISM
111,REACTOME_KERATAN_SULFATE_BIOSYNTHESIS
112,REACTOME_REVERSIBLE_HYDRATION_OF_CARBON_DIOXIDE
113,REACTOME_PI_METABOLISM
114,REACTOME_ABACAVIR_TRANSPORT_AND_METABOLISM
115,REACTOME_CHONDROITIN_SULFATE_DERMATAN_SULFATE_METABOLISM
116,REACTOME_SYNTHESIS_OF_PC
117,REACTOME_HS_GAG_BIOSYNTHESIS
118,REACTOME_KERATAN_SULFATE_KERATIN_METABOLISM
119,REACTOME_APOPTOSIS_INDUCED_DNA_FRAGMENTATION
120,REACTOME_KERATAN_SULFATE_DEGRADATION
121,REACTOME_HEPARAN_SULFATE_HEPARIN_HS_GAG_METABOLISM
122,REACTOME_GLYCOSAMINOGLYCAN_METABOLISM
123,REACTOME_ACYL_CHAIN_REMODELLING_OF_PG
124,REACTOME_ACYL_CHAIN_REMODELLING_OF_PE
125,REACTOME_ACYL_CHAIN_REMODELLING_OF_PS
126,REACTOME_MHC_CLASS_II_ANTIGEN_PRESENTATION
127,REACTOME_GLYCEROPHOSPHOLIPID_BIOSYNTHESIS
128,REACTOME_A_TETRASACCHARIDE_LINKER_SEQUENCE_IS_REQUIRED_FOR_GAG_SYNTHESIS
129,REACTOME_CDK_MEDIATED_PHOSPHORYLATION_AND_REMOVAL_OF_CDC6
130,REACTOME_PLATELET_ADHESION_TO_EXPOSED_COLLAGEN
131,REACTOME_VEGF_LIGAND_RECEPTOR_INTERACTIONS
132,REACTOME_MICRORNA_MIRNA_BIOGENESIS
133,REACTOME_NUCLEAR_EVENTS_KINASE_AND_TRANSCRIPTION_FACTOR_ACTIVATION
134,REACTOME_RETROGRADE_NEUROTROPHIN_SIGNALLING
135,REACTOME_ERKS_ARE_INACTIVATED
136,REACTOME_NEGATIVE_REGULATION_OF_THE_PI3K_AKT_NETWORK
137,REACTOME_PI3K_AKT_ACTIVATION
138,REACTOME_EGFR_DOWNREGULATION
139,REACTOME_PROCESSING_OF_CAPPED_INTRON_CONTAINING_PRE_MRNA
140,REACTOME_PECAM1_INTERACTIONS
141,REACTOME_TCR_SIGNALING
142,REACTOME_REGULATION_OF_PYRUVATE_DEHYDROGENASE_PDH_COMPLEX
143,REACTOME_DOWNSTREAM_TCR_SIGNALING
144,REACTOME_BASIGIN_INTERACTIONS
145,REACTOME_AKT_PHOSPHORYLATES_TARGETS_IN_THE_CYTOSOL
146,REACTOME_GAB1_SIGNALOSOME
147,REACTOME_SHC1_EVENTS_IN_EGFR_SIGNALING
148,REACTOME_ACTIVATION_OF_THE_MRNA_UPON_BINDING_OF_THE_CAP_BINDING_COMPLEX_AND_EIFS_AND_SUBSEQUENT_BINDING_TO_43S
149,REACTOME_PHOSPHORYLATION_OF_CD3_AND_TCR_ZETA_CHAINS
150,REACTOME_GLUTAMATE_NEUROTRANSMITTER_RELEASE_CYCLE
151,REACTOME_TRANSLOCATION_OF_ZAP_70_TO_IMMUNOLOGICAL_SYNAPSE
152,REACTOME_TIE2_SIGNALING
153,REACTOME_GENERATION_OF_SECOND_MESSENGER_MOLECULES
154,REACTOME_GENERIC_TRANSCRIPTION_PATHWAY
155,REACTOME_TRANSPORT_OF_MATURE_TRANSCRIPT_TO_CYTOPLASM
156,REACTOME_METABOLISM_OF_AMINO_ACIDS_AND_DERIVATIVES
157,REACTOME_FATTY_ACYL_COA_BIOSYNTHESIS
158,REACTOME_E2F_ENABLED_INHIBITION_OF_PRE_REPLICATION_COMPLEX_FORMATION
159,REACTOME_P75NTR_RECRUITS_SIGNALLING_COMPLEXES
160,REACTOME_BIOLOGICAL_OXIDATIONS
161,REACTOME_REGULATED_PROTEOLYSIS_OF_P75NTR
162,REACTOME_TRANSMISSION_ACROSS_CHEMICAL_SYNAPSES
163,REACTOME_CASPASE_MEDIATED_CLEAVAGE_OF_CYTOSKELETAL_PROTEINS
164,REACTOME_XENOBIOTICS
165,REACTOME_INTEGRIN_CELL_SURFACE_INTERACTIONS
166,REACTOME_CYTOCHROME_P450_ARRANGED_BY_SUBSTRATE_TYPE
167,REACTOME_APOPTOTIC_CLEAVAGE_OF_CELL_ADHESION_PROTEINS
168,REACTOME_NRAGE_SIGNALS_DEATH_THROUGH_JNK
169,REACTOME_SLBP_DEPENDENT_PROCESSING_OF_REPLICATION_DEPENDENT_HISTONE_PRE_MRNAS
170,REACTOME_NRIF_SIGNALS_CELL_DEATH_FROM_THE_NUCLEUS
171,REACTOME_REGULATION_OF_APOPTOSIS
172,REACTOME_NEURONAL_SYSTEM
173,REACTOME_REGULATION_OF_BETA_CELL_DEVELOPMENT
174,REACTOME_CELL_DEATH_SIGNALLING_VIA_NRAGE_NRIF_AND_NADE
175,REACTOME_NEUROTRANSMITTER_RELEASE_CYCLE
176,REACTOME_P75_NTR_RECEPTOR_MEDIATED_SIGNALLING
177,REACTOME_AMINO_ACID_TRANSPORT_ACROSS_THE_PLASMA_MEMBRANE
178,REACTOME_ENDOGENOUS_STEROLS
179,REACTOME_REGULATION_OF_GENE_EXPRESSION_IN_BETA_CELLS
180,REACTOME_GLYCOLYSIS
181,REACTOME_PROCESSIVE_SYNTHESIS_ON_THE_LAGGING_STRAND
182,REACTOME_MRNA_CAPPING
183,REACTOME_MITOCHONDRIAL_FATTY_ACID_BETA_OXIDATION
184,REACTOME_SIGNALING_BY_GPCR
185,REACTOME_PEPTIDE_LIGAND_BINDING_RECEPTORS
186,REACTOME_METABOLISM_OF_POLYAMINES
187,REACTOME_NOTCH_HLH_TRANSCRIPTION_PATHWAY
188,REACTOME_INTEGRATION_OF_ENERGY_METABOLISM
189,REACTOME_CELL_CYCLE_MITOTIC
190,REACTOME_GLUCONEOGENESIS
191,REACTOME_DOPAMINE_NEUROTRANSMITTER_RELEASE_CYCLE
192,REACTOME_OPIOID_SIGNALLING
193,REACTOME_MITOCHONDRIAL_TRNA_AMINOACYLATION
194,REACTOME_CYTOSOLIC_TRNA_AMINOACYLATION
195,REACTOME_CA_DEPENDENT_EVENTS
196,REACTOME_ACETYLCHOLINE_NEUROTRANSMITTER_RELEASE_CYCLE
197,REACTOME_ADENYLATE_CYCLASE_ACTIVATING_PATHWAY
198,REACTOME_ADENYLATE_CYCLASE_INHIBITORY_PATHWAY
199,REACTOME_DARPP_32_EVENTS
200,REACTOME_CHEMOKINE_RECEPTORS_BIND_CHEMOKINES
201,REACTOME_CELL_CYCLE_CHECKPOINTS
202,REACTOME_P130CAS_LINKAGE_TO_MAPK_SIGNALING_FOR_INTEGRINS
203,REACTOME_NOREPINEPHRINE_NEUROTRANSMITTER_RELEASE_CYCLE
204,REACTOME_PEPTIDE_HORMONE_BIOSYNTHESIS
205,REACTOME_G_PROTEIN_ACTIVATION
206,REACTOME_ACETYLCHOLINE_BINDING_AND_DOWNSTREAM_EVENTS
207,REACTOME_ABC_FAMILY_PROTEINS_MEDIATED_TRANSPORT
208,REACTOME_TRNA_AMINOACYLATION
209,REACTOME_OLFACTORY_SIGNALING_PATHWAY
210,REACTOME_PKA_MEDIATED_PHOSPHORYLATION_OF_CREB
211,REACTOME_RECRUITMENT_OF_NUMA_TO_MITOTIC_CENTROSOMES
212,REACTOME_NUCLEAR_RECEPTOR_TRANSCRIPTION_PATHWAY
213,REACTOME_G1_PHASE
214,REACTOME_GLUCAGON_SIGNALING_IN_METABOLIC_REGULATION
215,REACTOME_SIGNALING_BY_PDGF
216,REACTOME_ASSOCIATION_OF_TRIC_CCT_WITH_TARGET_PROTEINS_DURING_BIOSYNTHESIS
217,REACTOME_PREFOLDIN_MEDIATED_TRANSFER_OF_SUBSTRATE_TO_CCT_TRIC
218,REACTOME_HORMONE_LIGAND_BINDING_RECEPTORS
219,REACTOME_GPVI_MEDIATED_ACTIVATION_CASCADE
220,REACTOME_PROTEIN_FOLDING
221,REACTOME_FORMATION_OF_TUBULIN_FOLDING_INTERMEDIATES_BY_CCT_TRIC
222,REACTOME_PEROXISOMAL_LIPID_METABOLISM
223,REACTOME_POST_CHAPERONIN_TUBULIN_FOLDING_PATHWAY
224,REACTOME_STRIATED_MUSCLE_CONTRACTION
225,REACTOME_METABOLISM_OF_NUCLEOTIDES
226,REACTOME_AMINE_LIGAND_BINDING_RECEPTORS
227,REACTOME_DOWNSTREAM_SIGNAL_TRANSDUCTION
228,REACTOME_MUSCLE_CONTRACTION
229,REACTOME_SEROTONIN_RECEPTORS
230,REACTOME_MRNA_SPLICING
231,REACTOME_MRNA_SPLICING_MINOR_PATHWAY
232,REACTOME_PROCESSING_OF_CAPPED_INTRONLESS_PRE_MRNA
233,REACTOME_PURINE_RIBONUCLEOSIDE_MONOPHOSPHATE_BIOSYNTHESIS
234,REACTOME_CITRIC_ACID_CYCLE_TCA_CYCLE
235,REACTOME_NUCLEOTIDE_EXCISION_REPAIR
236,REACTOME_AXON_GUIDANCE
237,REACTOME_G_ALPHA_Q_SIGNALLING_EVENTS
238,REACTOME_P2Y_RECEPTORS
239,REACTOME_NCAM1_INTERACTIONS
240,REACTOME_CLASS_C_3_METABOTROPIC_GLUTAMATE_PHEROMONE_RECEPTORS
241,REACTOME_REGULATION_OF_INSULIN_SECRETION
242,REACTOME_NCAM_SIGNALING_FOR_NEURITE_OUT_GROWTH
243,REACTOME_NUCLEOTIDE_LIKE_PURINERGIC_RECEPTORS
244,REACTOME_EICOSANOID_LIGAND_BINDING_RECEPTORS
245,REACTOME_CLASS_B_2_SECRETIN_FAMILY_RECEPTORS
246,REACTOME_GLUCAGON_TYPE_LIGAND_RECEPTORS
247,REACTOME_FANCONI_ANEMIA_PATHWAY
248,REACTOME_TRAFFICKING_OF_GLUR2_CONTAINING_AMPA_RECEPTORS
249,REACTOME_PROSTANOID_LIGAND_RECEPTORS
250,REACTOME_OPSINS
251,REACTOME_SLC_MEDIATED_TRANSMEMBRANE_TRANSPORT
252,REACTOME_CD28_CO_STIMULATION
253,REACTOME_SYNTHESIS_SECRETION_AND_DEACYLATION_OF_GHRELIN
254,REACTOME_ADHERENS_JUNCTIONS_INTERACTIONS
255,REACTOME_CRMPS_IN_SEMA3A_SIGNALING
256,REACTOME_OTHER_SEMAPHORIN_INTERACTIONS
257,REACTOME_PURINE_SALVAGE
258,REACTOME_G_ALPHA_I_SIGNALLING_EVENTS
259,REACTOME_SEMA3A_PAK_DEPENDENT_AXON_REPULSION
260,REACTOME_CD28_DEPENDENT_VAV1_PATHWAY
261,REACTOME_SEMA4D_IN_SEMAPHORIN_SIGNALING
262,REACTOME_SEMAPHORIN_INTERACTIONS
263,REACTOME_SEMA4D_INDUCED_CELL_MIGRATION_AND_GROWTH_CONE_COLLAPSE
264,REACTOME_SEMA3A_PLEXIN_REPULSION_SIGNALING_BY_INHIBITING_INTEGRIN_ADHESION
265,REACTOME_LYSOSOME_VESICLE_BIOGENESIS
266,REACTOME_SPHINGOLIPID_METABOLISM
267,REACTOME_G_ALPHA_S_SIGNALLING_EVENTS
268,REACTOME_CELL_CELL_JUNCTION_ORGANIZATION
269,REACTOME_G_ALPHA_Z_SIGNALLING_EVENTS
270,REACTOME_COSTIMULATION_BY_THE_CD28_FAMILY
271,REACTOME_CD28_DEPENDENT_PI3K_AKT_SIGNALING
272,REACTOME_TIGHT_JUNCTION_INTERACTIONS
273,REACTOME_TRANSPORT_OF_INORGANIC_CATIONS_ANIONS_AND_AMINO_ACIDS_OLIGOPEPTIDES
274,REACTOME_GOLGI_ASSOCIATED_VESICLE_BIOGENESIS
275,REACTOME_CTLA4_INHIBITORY_SIGNALING
276,REACTOME_BRANCHED_CHAIN_AMINO_ACID_CATABOLISM
277,REACTOME_FORMATION_OF_FIBRIN_CLOT_CLOTTING_CASCADE
278,REACTOME_DEADENYLATION_OF_MRNA
279,REACTOME_MRNA_DECAY_BY_5_TO_3_EXORIBONUCLEASE
280,REACTOME_SIGNAL_AMPLIFICATION
281,REACTOME_ZINC_TRANSPORTERS
282,REACTOME_METAL_ION_SLC_TRANSPORTERS
283,REACTOME_SMOOTH_MUSCLE_CONTRACTION
284,REACTOME_MRNA_DECAY_BY_3_TO_5_EXORIBONUCLEASE
285,REACTOME_DEADENYLATION_DEPENDENT_MRNA_DECAY
286,REACTOME_THROMBOXANE_SIGNALLING_THROUGH_TP_RECEPTOR
287,REACTOME_CELL_EXTRACELLULAR_MATRIX_INTERACTIONS
288,REACTOME_CELL_JUNCTION_ORGANIZATION
289,REACTOME_PYRUVATE_METABOLISM
290,REACTOME_PURINE_CATABOLISM
291,REACTOME_METABOLISM_OF_RNA
292,REACTOME_MITOTIC_G1_G1_S_PHASES
293,REACTOME_REGULATION_OF_MITOTIC_CELL_CYCLE
294,REACTOME_TAK1_ACTIVATES_NFKB_BY_PHOSPHORYLATION_AND_ACTIVATION_OF_IKKS_COMPLEX
295,REACTOME_MYOGENESIS
296,REACTOME_ACTIVATION_OF_KAINATE_RECEPTORS_UPON_GLUTAMATE_BINDING
297,REACTOME_IONOTROPIC_ACTIVITY_OF_KAINATE_RECEPTORS
298,REACTOME_MAPK_TARGETS_NUCLEAR_EVENTS_MEDIATED_BY_MAP_KINASES
299,REACTOME_GPCR_LIGAND_BINDING
300,REACTOME_JNK_C_JUN_KINASES_PHOSPHORYLATION_AND_ACTIVATION_MEDIATED_BY_ACTIVATED_HUMAN_TAK1
301,REACTOME_THROMBIN_SIGNALLING_THROUGH_PROTEINASE_ACTIVATED_RECEPTORS_PARS
302,REACTOME_ENERGY_DEPENDENT_REGULATION_OF_MTOR_BY_LKB1_AMPK
303,REACTOME_MITOTIC_G2_G2_M_PHASES
304,REACTOME_ACTIVATED_TAK1_MEDIATES_P38_MAPK_ACTIVATION
305,REACTOME_DNA_REPAIR
306,REACTOME_EFFECTS_OF_PIP2_HYDROLYSIS
307,REACTOME_POST_TRANSLATIONAL_PROTEIN_MODIFICATION
308,REACTOME_CHROMOSOME_MAINTENANCE
309,REACTOME_L1CAM_INTERACTIONS
310,REACTOME_INTERACTION_BETWEEN_L1_AND_ANKYRINS
311,REACTOME_SIGNAL_TRANSDUCTION_BY_L1
312,REACTOME_TRANSPORT_OF_VITAMINS_NUCLEOSIDES_AND_RELATED_MOLECULES
313,REACTOME_HIGHLY_CALCIUM_PERMEABLE_POSTSYNAPTIC_NICOTINIC_ACETYLCHOLINE_RECEPTORS
314,REACTOME_ORGANIC_CATION_ANION_ZWITTERION_TRANSPORT
315,REACTOME_DCC_MEDIATED_ATTRACTIVE_SIGNALING
316,REACTOME_RECYCLING_PATHWAY_OF_L1
317,REACTOME_SYNTHESIS_OF_SUBSTRATES_IN_N_GLYCAN_BIOSYTHESIS
318,REACTOME_RESPIRATORY_ELECTRON_TRANSPORT
319,REACTOME_ASPARAGINE_N_LINKED_GLYCOSYLATION
320,REACTOME_ASSEMBLY_OF_THE_PRE_REPLICATIVE_COMPLEX
321,REACTOME_BIOSYNTHESIS_OF_THE_N_GLYCAN_PRECURSOR_DOLICHOL_LIPID_LINKED_OLIGOSACCHARIDE_LLO_AND_TRANSFER_TO_A_NASCENT_PROTEIN
322,REACTOME_CGMP_EFFECTS
323,REACTOME_REGULATION_OF_SIGNALING_BY_CBL
324,REACTOME_CALNEXIN_CALRETICULIN_CYCLE
325,REACTOME_PASSIVE_TRANSPORT_BY_AQUAPORINS
326,REACTOME_NITRIC_OXIDE_STIMULATES_GUANYLATE_CYCLASE
327,REACTOME_PLATELET_HOMEOSTASIS
328,REACTOME_N_GLYCAN_TRIMMING_IN_THE_ER_AND_CALNEXIN_CALRETICULIN_CYCLE
329,REACTOME_PLATELET_SENSITIZATION_BY_LDL
330,REACTOME_AQUAPORIN_MEDIATED_TRANSPORT
331,REACTOME_RAP1_SIGNALLING
332,REACTOME_PLATELET_CALCIUM_HOMEOSTASIS
333,REACTOME_PROSTACYCLIN_SIGNALLING_THROUGH_PROSTACYCLIN_RECEPTOR
334,REACTOME_GABA_SYNTHESIS_RELEASE_REUPTAKE_AND_DEGRADATION
335,REACTOME_INCRETIN_SYNTHESIS_SECRETION_AND_INACTIVATION
336,REACTOME_TRANSPORT_OF_ORGANIC_ANIONS
337,REACTOME_IRAK1_RECRUITS_IKK_COMPLEX
338,REACTOME_TRAF6_MEDIATED_IRF7_ACTIVATION
339,REACTOME_CIRCADIAN_CLOCK
340,REACTOME_FACTORS_INVOLVED_IN_MEGAKARYOCYTE_DEVELOPMENT_AND_PLATELET_PRODUCTION
341,REACTOME_REGULATION_OF_IFNG_SIGNALING
342,REACTOME_REGULATION_OF_MRNA_STABILITY_BY_PROTEINS_THAT_BIND_AU_RICH_ELEMENTS
343,REACTOME_TRAF3_DEPENDENT_IRF_ACTIVATION_PATHWAY
344,REACTOME_GABA_B_RECEPTOR_ACTIVATION
345,REACTOME_TRANSPORT_TO_THE_GOLGI_AND_SUBSEQUENT_MODIFICATION
346,REACTOME_IRON_UPTAKE_AND_TRANSPORT
347,REACTOME_INTERFERON_GAMMA_SIGNALING
348,REACTOME_N_GLYCAN_ANTENNAE_ELONGATION
349,REACTOME_TRAF6_MEDIATED_IRF7_ACTIVATION_IN_TLR7_8_OR_9_SIGNALING
350,REACTOME_ACTIVATION_OF_IRF3_IRF7_MEDIATED_BY_TBK1_IKK_EPSILON
351,REACTOME_ION_TRANSPORT_BY_P_TYPE_ATPASES
352,REACTOME_INTERFERON_ALPHA_BETA_SIGNALING
353,REACTOME_ADVANCED_GLYCOSYLATION_ENDPRODUCT_RECEPTOR_SIGNALING
354,REACTOME_GABA_RECEPTOR_ACTIVATION
355,REACTOME_KINESINS
356,REACTOME_N_GLYCAN_ANTENNAE_ELONGATION_IN_THE_MEDIAL_TRANS_GOLGI
357,REACTOME_REGULATION_OF_IFNA_SIGNALING
358,REACTOME_INTERFERON_SIGNALING
359,REACTOME_TRANSFERRIN_ENDOCYTOSIS_AND_RECYCLING
360,REACTOME_DSCAM_INTERACTIONS
361,REACTOME_ION_CHANNEL_TRANSPORT
362,REACTOME_IKK_COMPLEX_RECRUITMENT_MEDIATED_BY_RIP1
363,REACTOME_FORMATION_OF_INCISION_COMPLEX_IN_GG_NER
364,REACTOME_TRANSCRIPTIONAL_REGULATION_OF_WHITE_ADIPOCYTE_DIFFERENTIATION
365,REACTOME_ENDOSOMAL_SORTING_COMPLEX_REQUIRED_FOR_TRANSPORT_ESCRT
366,REACTOME_MEIOTIC_RECOMBINATION
367,REACTOME_PLATELET_AGGREGATION_PLUG_FORMATION
368,REACTOME_SIGNALING_BY_NOTCH
369,REACTOME_LAGGING_STRAND_SYNTHESIS
370,REACTOME_INHIBITION_OF_REPLICATION_INITIATION_OF_DAMAGED_DNA_BY_RB1_E2F1
371,REACTOME_ETHANOL_OXIDATION
372,REACTOME_SYNTHESIS_OF_VERY_LONG_CHAIN_FATTY_ACYL_COAS
373,REACTOME_DNA_REPLICATION
374,REACTOME_E2F_MEDIATED_REGULATION_OF_DNA_REPLICATION
375,REACTOME_METABOLISM_OF_CARBOHYDRATES
376,REACTOME_SIGNALING_BY_INSULIN_RECEPTOR
377,REACTOME_SIGNAL_ATTENUATION
378,REACTOME_SOS_MEDIATED_SIGNALLING
379,REACTOME_HEMOSTASIS
380,REACTOME_HIV_INFECTION
381,REACTOME_HIV_LIFE_CYCLE
382,REACTOME_EARLY_PHASE_OF_HIV_LIFE_CYCLE
383,REACTOME_HOST_INTERACTIONS_OF_HIV_FACTORS
384,REACTOME_VIRAL_MESSENGER_RNA_SYNTHESIS
385,REACTOME_INTERACTIONS_OF_VPR_WITH_HOST_CELLULAR_PROTEINS
386,REACTOME_FORMATION_OF_ATP_BY_CHEMIOSMOTIC_COUPLING
387,REACTOME_ACTIVATION_OF_ATR_IN_RESPONSE_TO_REPLICATION_STRESS
388,REACTOME_UNWINDING_OF_DNA
389,REACTOME_GLUCURONIDATION
390,REACTOME_INNATE_IMMUNE_SYSTEM
391,REACTOME_MITOTIC_PROMETAPHASE
392,REACTOME_G1_S_SPECIFIC_TRANSCRIPTION
393,REACTOME_SIGNALING_BY_TGF_BETA_RECEPTOR_COMPLEX
394,REACTOME_PHOSPHORYLATION_OF_THE_APC_C
395,REACTOME_CYTOSOLIC_SULFONATION_OF_SMALL_MOLECULES
396,REACTOME_INTEGRATION_OF_PROVIRUS
397,REACTOME_GLUTATHIONE_CONJUGATION
398,REACTOME_COMPLEMENT_CASCADE
399,REACTOME_MTORC1_MEDIATED_SIGNALLING
400,REACTOME_ACTIVATION_OF_BH3_ONLY_PROTEINS
401,REACTOME_GLUCOSE_METABOLISM
402,REACTOME_VOLTAGE_GATED_POTASSIUM_CHANNELS
403,REACTOME_ADAPTIVE_IMMUNE_SYSTEM
404,REACTOME_NOD1_2_SIGNALING_PATHWAY
405,REACTOME_CYTOKINE_SIGNALING_IN_IMMUNE_SYSTEM
406,REACTOME_MEIOTIC_SYNAPSIS
407,REACTOME_THE_NLRP3_INFLAMMASOME
408,REACTOME_CLASS_I_MHC_MEDIATED_ANTIGEN_PROCESSING_PRESENTATION
409,REACTOME_TANDEM_PORE_DOMAIN_POTASSIUM_CHANNELS
410,REACTOME_INFLAMMASOMES
411,REACTOME_POTASSIUM_CHANNELS
412,REACTOME_NUCLEOTIDE_BINDING_DOMAIN_LEUCINE_RICH_REPEAT_CONTAINING_RECEPTOR_NLR_SIGNALING_PATHWAYS
413,REACTOME_TELOMERE_MAINTENANCE
414,REACTOME_PLATELET_ACTIVATION_SIGNALING_AND_AGGREGATION
415,REACTOME_CREATION_OF_C4_AND_C2_ACTIVATORS
416,REACTOME_APC_CDC20_MEDIATED_DEGRADATION_OF_NEK2A
417,REACTOME_INITIAL_TRIGGERING_OF_COMPLEMENT
418,REACTOME_EXTENSION_OF_TELOMERES
419,REACTOME_G2_M_CHECKPOINTS
420,REACTOME_G2_M_DNA_DAMAGE_CHECKPOINT
421,REACTOME_S_PHASE
422,REACTOME_TRYPTOPHAN_CATABOLISM
423,REACTOME_DNA_STRAND_ELONGATION
424,REACTOME_CHOLESTEROL_BIOSYNTHESIS
425,REACTOME_FGFR2C_LIGAND_BINDING_AND_ACTIVATION
426,REACTOME_METABOLISM_OF_PORPHYRINS
427,REACTOME_VIF_MEDIATED_DEGRADATION_OF_APOBEC3G
428,REACTOME_SIGNALING_BY_FGFR
429,REACTOME_DIGESTION_OF_DIETARY_CARBOHYDRATE
430,REACTOME_FGFR1_LIGAND_BINDING_AND_ACTIVATION
431,REACTOME_GAP_JUNCTION_ASSEMBLY
432,REACTOME_SYNTHESIS_OF_GLYCOSYLPHOSPHATIDYLINOSITOL_GPI
433,REACTOME_INTRINSIC_PATHWAY_FOR_APOPTOSIS
434,REACTOME_APOPTOTIC_EXECUTION_PHASE
435,REACTOME_INTERLEUKIN_6_SIGNALING
436,REACTOME_MAPK3_ERK1_ACTIVATION
437,REACTOME_TRANSLESION_SYNTHESIS_BY_Y_FAMILY_DNA_POLYMERASES_BYPASSES_LESIONS_ON_DNA_TEMPLATE
438,REACTOME_RECOGNITION_OF_DNA_DAMAGE_BY_PCNA_CONTAINING_REPLICATION_COMPLEX
439,REACTOME_TRANSLESION_SYNTHESIS_BY_POLH
440,REACTOME_DISPLACEMENT_OF_DNA_GLYCOSYLASE_BY_APEX1
441,REACTOME_POLB_DEPENDENT_LONG_PATCH_BASE_EXCISION_REPAIR
442,REACTOME_ACTIVATION_OF_BAD_AND_TRANSLOCATION_TO_MITOCHONDRIA
443,REACTOME_ACTIVATION_OF_NOXA_AND_TRANSLOCATION_TO_MITOCHONDRIA
444,REACTOME_BH3_ONLY_PROTEINS_ASSOCIATE_WITH_AND_INACTIVATE_ANTI_APOPTOTIC_BCL_2_MEMBERS
445,REACTOME_RELEASE_OF_APOPTOTIC_FACTORS_FROM_THE_MITOCHONDRIA
446,REACTOME_ACTIVATION_OF_CASPASES_THROUGH_APOPTOSOME_MEDIATED_CLEAVAGE
447,REACTOME_CYTOCHROME_C_MEDIATED_APOPTOTIC_RESPONSE
448,REACTOME_SMAC_XIAP_REGULATED_APOPTOTIC_RESPONSE
449,REACTOME_APOPTOTIC_FACTOR_MEDIATED_RESPONSE
450,REACTOME_CAMK_IV_MEDIATED_PHOSPHORYLATION_OF_CREB
451,REACTOME_G_PROTEIN_MEDIATED_EVENTS
452,REACTOME_TRANSMISSION_ACROSS_ELECTRICAL_SYNAPSES
453,REACTOME_PRESYNAPTIC_DEPOLARIZATION_AND_CALCIUM_CHANNEL_OPENING
454,REACTOME_NEUROTRANSMITTER_CLEARANCE
455,REACTOME_NEUROTRANSMITTER_RECEPTORS_AND_POSTSYNAPTIC_SIGNAL_TRANSMISSION
456,REACTOME_IRS_MEDIATED_SIGNALLING
457,REACTOME_RAF_INDEPENDENT_MAPK1_3_ACTIVATION
458,REACTOME_MAPK1_ERK2_ACTIVATION
459,REACTOME_FORMATION_OF_THE_EARLY_ELONGATION_COMPLEX
460,REACTOME_DISINHIBITION_OF_SNARE_FORMATION
461,REACTOME_ACTIVATION_OF_RAS_IN_B_CELLS
462,REACTOME_FERTILIZATION
463,REACTOME_ROS_AND_RNS_PRODUCTION_IN_PHAGOCYTES
464,REACTOME_REGULATION_OF_GENE_EXPRESSION_BY_HYPOXIA_INDUCIBLE_FACTOR
465,REACTOME_CELLULAR_RESPONSE_TO_HYPOXIA
466,REACTOME_CROSS_PRESENTATION_OF_PARTICULATE_EXOGENOUS_ANTIGENS_PHAGOSOMES
467,REACTOME_METHIONINE_SALVAGE_PATHWAY
468,REACTOME_ERYTHROCYTES_TAKE_UP_OXYGEN_AND_RELEASE_CARBON_DIOXIDE
469,REACTOME_SHC1_EVENTS_IN_ERBB2_SIGNALING
470,REACTOME_DOWNREGULATION_OF_ERBB4_SIGNALING
471,REACTOME_INTERLEUKIN_7_SIGNALING
472,REACTOME_CA2PLUS_ACTIVATED_KPLUS_CHANNELS
473,REACTOME_G_PROTEIN_GATED_POTASSIUM_CHANNELS
474,REACTOME_INWARDLY_RECTIFYING_KPLUS_CHANNELS
475,REACTOME_SPERM_MOTILITY_AND_TAXES
476,REACTOME_ACROSOME_REACTION_AND_SPERM:OOCYTE_MEMBRANE_BINDING
477,REACTOME_GRB7_EVENTS_IN_ERBB2_SIGNALING
478,REACTOME_DOWNREGULATION_OF_ERBB2:ERBB3_SIGNALING
479,REACTOME_TRANSCRIPTION_OF_E2F_TARGETS_UNDER_NEGATIVE_CONTROL_BY_DREAM_COMPLEX
480,REACTOME_TRANSCRIPTION_OF_E2F_TARGETS_UNDER_NEGATIVE_CONTROL_BY_P107_RBL1_AND_P130_RBL2_IN_COMPLEX_WITH_HDAC1
481,REACTOME_MITOCHONDRIAL_IRON_SULFUR_CLUSTER_BIOGENESIS
482,REACTOME_RORA_ACTIVATES_GENE_EXPRESSION
483,REACTOME_BMAL1:CLOCK_NPAS2_ACTIVATES_CIRCADIAN_GENE_EXPRESSION
484,REACTOME_ABC_TRANSPORTERS_IN_LIPID_HOMEOSTASIS
485,REACTOME_ELEVATION_OF_CYTOSOLIC_CA2PLUS_LEVELS
486,REACTOME_ACTIVATION_OF_PUMA_AND_TRANSLOCATION_TO_MITOCHONDRIA
487,REACTOME_CASPASE_ACTIVATION_VIA_DEATH_RECEPTORS_IN_THE_PRESENCE_OF_LIGAND
488,REACTOME_EXTRINSIC_PATHWAY_OF_FIBRIN_CLOT_FORMATION
489,REACTOME_INTRINSIC_PATHWAY_OF_FIBRIN_CLOT_FORMATION
490,REACTOME_COMMON_PATHWAY_OF_FIBRIN_CLOT_FORMATION
491,REACTOME_THE_CITRIC_ACID_TCA_CYCLE_AND_RESPIRATORY_ELECTRON_TRANSPORT
492,REACTOME_REGULATION_OF_SIGNALING_BY_NODAL
493,REACTOME_COLLAGEN_DEGRADATION
494,REACTOME_TRANSLOCATION_OF_SLC2A4_GLUT4_TO_THE_PLASMA_MEMBRANE
495,REACTOME_ALPHA_DEFENSINS
496,REACTOME_REPRODUCTION
497,REACTOME_O2_CO2_EXCHANGE_IN_ERYTHROCYTES
498,REACTOME_ACYL_CHAIN_REMODELING_OF_CL
499,REACTOME_ACYL_CHAIN_REMODELING_OF_DAG_AND_TAG
500,REACTOME_HYDROLYSIS_OF_LPC
501,REACTOME_SYNTHESIS_OF_PG
502,REACTOME_SYNTHESIS_OF_PI
503,REACTOME_SYNTHESIS_OF_PIPS_AT_THE_ER_MEMBRANE
504,REACTOME_INOSITOL_PHOSPHATE_METABOLISM
505,REACTOME_SIGNALING_BY_ACTIVIN
506,REACTOME_PHASE_II_CONJUGATION_OF_COMPOUNDS
507,REACTOME_METHYLATION
508,REACTOME_AMINO_ACID_CONJUGATION
509,REACTOME_ELASTIC_FIBRE_FORMATION
510,REACTOME_FIBRONECTIN_MATRIX_FORMATION
511,REACTOME_POLO_LIKE_KINASE_MEDIATED_EVENTS
512,REACTOME_GAP_JUNCTION_TRAFFICKING_AND_REGULATION
513,REACTOME_MITOCHONDRIAL_BIOGENESIS
514,REACTOME_TRANSPORT_OF_THE_SLBP_DEPENDANT_MATURE_MRNA
515,REACTOME_TRANSPORT_OF_MATURE_MRNAS_DERIVED_FROM_INTRONLESS_TRANSCRIPTS
516,REACTOME_ACTIVATION_OF_MATRIX_METALLOPROTEINASES
517,REACTOME_REMOVAL_OF_AMINOTERMINAL_PROPEPTIDES_FROM_GAMMA_CARBOXYLATED_PROTEINS
518,REACTOME_ZBP1_DAI_MEDIATED_INDUCTION_OF_TYPE_I_IFNS
519,REACTOME_IRF3_MEDIATED_ACTIVATION_OF_TYPE_1_IFN
520,REACTOME_SULFIDE_OXIDATION_TO_SULFATE
521,REACTOME_DEGRADATION_OF_CYSTEINE_AND_HOMOCYSTEINE
522,REACTOME_BUDDING_AND_MATURATION_OF_HIV_VIRION
523,REACTOME_GOLGI_CISTERNAE_PERICENTRIOLAR_STACK_REORGANIZATION
524,REACTOME_ATTACHMENT_OF_GPI_ANCHOR_TO_UPAR
525,REACTOME_POST_TRANSLATIONAL_MODIFICATION:_SYNTHESIS_OF_GPI_ANCHORED_PROTEINS
526,REACTOME_RESPIRATORY_ELECTRON_TRANSPORT_ATP_SYNTHESIS_BY_CHEMIOSMOTIC_COUPLING_AND_HEAT_PRODUCTION_BY_UNCOUPLING_PROTEINS
527,REACTOME_MACROAUTOPHAGY
528,REACTOME_PKA_MEDIATED_PHOSPHORYLATION_OF_KEY_METABOLIC_FACTORS
529,REACTOME_TRIGLYCERIDE_CATABOLISM
530,REACTOME_AMPK_INHIBITS_CHREBP_TRANSCRIPTIONAL_ACTIVATION_ACTIVITY
531,REACTOME_CHREBP_ACTIVATES_METABOLIC_GENE_EXPRESSION
532,REACTOME_PP2A_MEDIATED_DEPHOSPHORYLATION_OF_KEY_METABOLIC_FACTORS
533,REACTOME_GAMMA_CARBOXYLATION_HYPUSINE_FORMATION_AND_ARYLSULFATASE_ACTIVATION
534,REACTOME_DISEASE
535,REACTOME_PKA_ACTIVATION_IN_GLUCAGON_SIGNALLING
536,REACTOME_2_LTR_CIRCLE_FORMATION
537,REACTOME_NEF_AND_SIGNAL_TRANSDUCTION
538,REACTOME_THE_ROLE_OF_NEF_IN_HIV_1_REPLICATION_AND_DISEASE_PATHOGENESIS
539,REACTOME_COLLAGEN_BIOSYNTHESIS_AND_MODIFYING_ENZYMES
540,REACTOME_MTOR_SIGNALLING
541,REACTOME_REGULATION_OF_CHOLESTEROL_BIOSYNTHESIS_BY_SREBP_SREBF
542,REACTOME_TOLL_LIKE_RECEPTOR_4_TLR4_CASCADE
543,REACTOME_MITOCHONDRIAL_UNCOUPLING_PROTEINS
544,REACTOME_SIGNALING_BY_NTRKS
545,REACTOME_LECTIN_PATHWAY_OF_COMPLEMENT_ACTIVATION
546,REACTOME_TERMINAL_PATHWAY_OF_COMPLEMENT
547,REACTOME_FORMATION_OF_HIV_ELONGATION_COMPLEX_IN_THE_ABSENCE_OF_HIV_TAT
548,REACTOME_TRANSCRIPTION_OF_THE_HIV_GENOME
549,REACTOME_ABORTIVE_ELONGATION_OF_HIV_1_TRANSCRIPT_IN_THE_ABSENCE_OF_TAT
550,REACTOME_HIV_ELONGATION_ARREST_AND_RECOVERY
551,REACTOME_NEF_MEDIATED_CD4_DOWN_REGULATION
552,REACTOME_TOLL_LIKE_RECEPTOR_9_TLR9_CASCADE
553,REACTOME_TOLL_LIKE_RECEPTOR_TLR1:TLR2_CASCADE
554,REACTOME_HOST_INTERACTIONS_WITH_INFLUENZA_FACTORS
555,REACTOME_INFLUENZA_INFECTION
556,REACTOME_EXPORT_OF_VIRAL_RIBONUCLEOPROTEINS_FROM_NUCLEUS
557,REACTOME_NEUROTOXICITY_OF_CLOSTRIDIUM_TOXINS
558,REACTOME_TOLL_LIKE_RECEPTOR_CASCADES
559,REACTOME_TICAM1_RIP1_MEDIATED_IKK_COMPLEX_RECRUITMENT
560,REACTOME_DDX58_IFIH1_MEDIATED_INDUCTION_OF_INTERFERON_ALPHA_BETA
561,REACTOME_FRS2_MEDIATED_ACTIVATION
562,REACTOME_TELOMERE_EXTENSION_BY_TELOMERASE
563,REACTOME_ALTERNATIVE_COMPLEMENT_ACTIVATION
564,REACTOME_APC_C:CDC20_MEDIATED_DEGRADATION_OF_CYCLIN_B
565,REACTOME_APC_C:CDH1_MEDIATED_DEGRADATION_OF_CDC20_AND_OTHER_APC_C:CDH1_TARGETED_PROTEINS_IN_LATE_MITOSIS_EARLY_G1
566,REACTOME_TRANSPORT_AND_SYNTHESIS_OF_PAPS
567,REACTOME_GLUTATHIONE_SYNTHESIS_AND_RECYCLING
568,REACTOME_PROCESSIVE_SYNTHESIS_ON_THE_C_STRAND_OF_THE_TELOMERE
569,REACTOME_TELOMERE_C_STRAND_LAGGING_STRAND_SYNTHESIS
570,REACTOME_ACTIVATION_OF_C3_AND_C5
571,REACTOME_PLASMA_LIPOPROTEIN_ASSEMBLY_REMODELING_AND_CLEARANCE
572,REACTOME_ASSEMBLY_OF_THE_HIV_VIRION
573,REACTOME_CONVERSION_FROM_APC_C:CDC20_TO_APC_C:CDH1_IN_LATE_ANAPHASE
574,REACTOME_PHOSPHORYLATION_OF_EMI1
575,REACTOME_ACTIVATION_OF_APC_C_AND_APC_C:CDC20_MEDIATED_DEGRADATION_OF_MITOTIC_PROTEINS
576,REACTOME_CONJUGATION_OF_BENZOATE_WITH_GLYCINE
577,REACTOME_INTERACTIONS_OF_REV_WITH_HOST_CELLULAR_PROTEINS
578,REACTOME_SIGNALING_BY_EGFR
579,REACTOME_APOBEC3G_MEDIATED_RESISTANCE_TO_HIV_1_INFECTION
580,REACTOME_NUCLEAR_IMPORT_OF_REV_PROTEIN
581,REACTOME_RIP_MEDIATED_NFKB_ACTIVATION_VIA_ZBP1
582,REACTOME_SEROTONIN_NEUROTRANSMITTER_RELEASE_CYCLE
583,REACTOME_NEF_MEDIATED_CD8_DOWN_REGULATION
584,REACTOME_STING_MEDIATED_INDUCTION_OF_HOST_IMMUNE_RESPONSES
585,REACTOME_CYTOSOLIC_SENSORS_OF_PATHOGEN_ASSOCIATED_DNA
586,REACTOME_SIGNALING_BY_CYTOSOLIC_FGFR1_FUSION_MUTANTS
587,REACTOME_FGFR1_MUTANT_RECEPTOR_ACTIVATION
588,REACTOME_FGFR2_MUTANT_RECEPTOR_ACTIVATION
589,REACTOME_ORGANELLE_BIOGENESIS_AND_MAINTENANCE
590,REACTOME_SYNTHESIS_OF_PYROPHOSPHATES_IN_THE_CYTOSOL
591,REACTOME_SYNTHESIS_OF_IP2_IP_AND_INS_IN_THE_CYTOSOL
592,REACTOME_SYNTHESIS_OF_IP3_AND_IP4_IN_THE_CYTOSOL
593,REACTOME_ACTIVATION_OF_TRKA_RECEPTORS
594,REACTOME_NGF_INDEPENDANT_TRKA_ACTIVATION
595,REACTOME_SIGNALING_BY_NTRK1_TRKA
596,REACTOME_SCF_SKP2_MEDIATED_DEGRADATION_OF_P27_P21
597,REACTOME_CELLULAR_HEXOSE_TRANSPORT
598,REACTOME_HEME_BIOSYNTHESIS
599,REACTOME_HEME_DEGRADATION
600,REACTOME_FGFR3_LIGAND_BINDING_AND_ACTIVATION
601,REACTOME_FGFR2_LIGAND_BINDING_AND_ACTIVATION
602,REACTOME_FGFR1B_LIGAND_BINDING_AND_ACTIVATION
603,REACTOME_FGFR3B_LIGAND_BINDING_AND_ACTIVATION
604,REACTOME_FGFR1C_LIGAND_BINDING_AND_ACTIVATION
605,REACTOME_FGFR2B_LIGAND_BINDING_AND_ACTIVATION
606,REACTOME_TRANSPORT_OF_CONNEXONS_TO_THE_PLASMA_MEMBRANE
607,REACTOME_PRE_NOTCH_PROCESSING_IN_THE_ENDOPLASMIC_RETICULUM
608,REACTOME_DIGESTION_OF_DIETARY_LIPID
609,REACTOME_ESTROGEN_BIOSYNTHESIS
610,REACTOME_P75NTR_SIGNALS_VIA_NF_KB
611,REACTOME_P75NTR_NEGATIVELY_REGULATES_CELL_CYCLE_VIA_SC1
612,REACTOME_P75NTR_REGULATES_AXONOGENESIS
613,REACTOME_SYNTHESIS_OF_BILE_ACIDS_AND_BILE_SALTS_VIA_27_HYDROXYCHOLESTEROL
614,REACTOME_MINERALOCORTICOID_BIOSYNTHESIS
615,REACTOME_GLUCOCORTICOID_BIOSYNTHESIS
616,REACTOME_SIGNALING_BY_VEGF
617,REACTOME_RHO_GTPASE_CYCLE
618,REACTOME_DEGRADATION_OF_BETA_CATENIN_BY_THE_DESTRUCTION_COMPLEX
619,REACTOME_RHO_GTPASE_EFFECTORS
620,REACTOME_METABOLISM_OF_STEROID_HORMONES
621,REACTOME_PREGNENOLONE_BIOSYNTHESIS
622,REACTOME_BETA_CATENIN_PHOSPHORYLATION_CASCADE
623,REACTOME_COBALAMIN_CBL_VITAMIN_B12_TRANSPORT_AND_METABOLISM
624,REACTOME_METABOLISM_OF_FOLATE_AND_PTERINES
625,REACTOME_BIOTIN_TRANSPORT_AND_METABOLISM
626,REACTOME_COENZYME_A_BIOSYNTHESIS
627,REACTOME_VITAMIN_D_CALCIFEROL_METABOLISM
628,REACTOME_NICOTINATE_METABOLISM
629,REACTOME_VITAMIN_B1_THIAMIN_METABOLISM
630,REACTOME_VITAMIN_C_ASCORBATE_METABOLISM
631,REACTOME_VITAMIN_B2_RIBOFLAVIN_METABOLISM
632,REACTOME_METABOLISM_OF_WATER_SOLUBLE_VITAMINS_AND_COFACTORS
633,REACTOME_NICOTINAMIDE_SALVAGING
634,REACTOME_AKT_PHOSPHORYLATES_TARGETS_IN_THE_NUCLEUS
635,REACTOME_CREB_PHOSPHORYLATION
636,REACTOME_ER_TO_GOLGI_ANTEROGRADE_TRANSPORT
637,REACTOME_IMPORT_OF_PALMITOYL_COA_INTO_THE_MITOCHONDRIAL_MATRIX
638,REACTOME_TCF_DEPENDENT_SIGNALING_IN_RESPONSE_TO_WNT
639,REACTOME_WNT_MEDIATED_ACTIVATION_OF_DVL
640,REACTOME_FORMATION_OF_THE_BETA_CATENIN:TCF_TRANSACTIVATING_COMPLEX
641,REACTOME_METABOLISM_OF_NITRIC_OXIDE:_ENOS_ACTIVATION_AND_REGULATION
642,REACTOME_ASSEMBLY_OF_COLLAGEN_FIBRILS_AND_OTHER_MULTIMERIC_STRUCTURES
643,REACTOME_METABOLISM_OF_ANGIOTENSINOGEN_TO_ANGIOTENSINS
644,REACTOME_DERMATAN_SULFATE_BIOSYNTHESIS
645,REACTOME_CALCINEURIN_ACTIVATES_NFAT
646,REACTOME_FCGAMMA_RECEPTOR_FCGR_DEPENDENT_PHAGOCYTOSIS
647,REACTOME_FCGR_ACTIVATION
648,REACTOME_REGULATION_OF_ACTIN_DYNAMICS_FOR_PHAGOCYTIC_CUP_FORMATION
649,REACTOME_ROLE_OF_PHOSPHOLIPIDS_IN_PHAGOCYTOSIS
650,REACTOME_ENOS_ACTIVATION
651,REACTOME_NOSTRIN_MEDIATED_ENOS_TRAFFICKING
652,REACTOME_COPII_MEDIATED_VESICLE_TRANSPORT
653,REACTOME_ALPHA_LINOLENIC_OMEGA3_AND_LINOLEIC_OMEGA6_ACID_METABOLISM
654,REACTOME_LINOLEIC_ACID_LA_METABOLISM
655,REACTOME_NADE_MODULATES_DEATH_SIGNALLING
656,REACTOME_NF_KB_IS_ACTIVATED_AND_SIGNALS_SURVIVAL
657,REACTOME_METABOLISM_OF_AMINE_DERIVED_HORMONES
658,REACTOME_SEROTONIN_AND_MELATONIN_BIOSYNTHESIS
659,REACTOME_THYROXINE_BIOSYNTHESIS
660,REACTOME_REGULATION_OF_GENE_EXPRESSION_IN_LATE_STAGE_BRANCHING_MORPHOGENESIS_PANCREATIC_BUD_PRECURSOR_CELLS
661,REACTOME_REGULATION_OF_GENE_EXPRESSION_IN_ENDOCRINE_COMMITTED_NEUROG3PLUS_PROGENITOR_CELLS
662,REACTOME_REGULATION_OF_GENE_EXPRESSION_IN_EARLY_PANCREATIC_PRECURSOR_CELLS
663,REACTOME_GENE_SILENCING_BY_RNA
664,REACTOME_VITAMINS
665,REACTOME_FATTY_ACIDS
666,REACTOME_PHASE_I_FUNCTIONALIZATION_OF_COMPOUNDS
667,REACTOME_MISCELLANEOUS_SUBSTRATES
668,REACTOME_EICOSANOIDS
669,REACTOME_CYP2E1_REACTIONS
670,REACTOME_EPIGENETIC_REGULATION_OF_GENE_EXPRESSION
671,REACTOME_PRC2_METHYLATES_HISTONES_AND_DNA
672,REACTOME_EGFR_INTERACTS_WITH_PHOSPHOLIPASE_C_GAMMA
673,REACTOME_MOLECULES_ASSOCIATED_WITH_ELASTIC_FIBRES
674,REACTOME_SYNTHESIS_OF_EPOXY_EET_AND_DIHYDROXYEICOSATRIENOIC_ACIDS_DHET
675,REACTOME_SYNTHESIS_OF_5_EICOSATETRAENOIC_ACIDS
676,REACTOME_SYNTHESIS_OF_LEUKOTRIENES_LT_AND_EOXINS_EX
677,REACTOME_SYNTHESIS_OF_LIPOXINS_LX
678,REACTOME_SYNTHESIS_OF_12_EICOSATETRAENOIC_ACID_DERIVATIVES
679,REACTOME_ARACHIDONIC_ACID_METABOLISM
680,REACTOME_SYNTHESIS_OF_15_EICOSATETRAENOIC_ACID_DERIVATIVES
681,REACTOME_UBIQUINOL_BIOSYNTHESIS
682,REACTOME_SYNTHESIS_OF_16_20_HYDROXYEICOSATETRAENOIC_ACIDS_HETE
683,REACTOME_HYALURONAN_BIOSYNTHESIS_AND_EXPORT
684,REACTOME_TRANSCRIPTIONAL_ACTIVATION_OF_MITOCHONDRIAL_BIOGENESIS
685,REACTOME_ACTIVATION_OF_PPARGC1A_PGC_1ALPHA_BY_PHOSPHORYLATION
686,REACTOME_ABACAVIR_TRANSMEMBRANE_TRANSPORT
687,REACTOME_ABACAVIR_METABOLISM
688,REACTOME_SYNTHESIS_OF_PROSTAGLANDINS_PG_AND_THROMBOXANES_TX
689,REACTOME_SCAVENGING_OF_HEME_FROM_PLASMA
690,REACTOME_DAP12_INTERACTIONS
691,REACTOME_BINDING_AND_UPTAKE_OF_LIGANDS_BY_SCAVENGER_RECEPTORS
692,REACTOME_TRANSCRIPTIONAL_ACTIVITY_OF_SMAD2_SMAD3:SMAD4_HETEROTRIMER
693,REACTOME_DOWNREGULATION_OF_SMAD2_3:SMAD4_TRANSCRIPTIONAL_ACTIVITY
694,REACTOME_SMAD2_SMAD3:SMAD4_HETEROTRIMER_REGULATES_TRANSCRIPTION
695,REACTOME_EGFR_TRANSACTIVATION_BY_GASTRIN
696,REACTOME_THE_RETINOID_CYCLE_IN_CONES_DAYLIGHT_VISION
697,REACTOME_VISUAL_PHOTOTRANSDUCTION
698,REACTOME_NOTCH2_INTRACELLULAR_DOMAIN_REGULATES_TRANSCRIPTION
699,REACTOME_MUCOPOLYSACCHARIDOSES
700,REACTOME_ANCHORING_FIBRIL_FORMATION
701,REACTOME_PI3K_AKT_SIGNALING_IN_CANCER
702,REACTOME_CONSTITUTIVE_SIGNALING_BY_ABERRANT_PI3K_IN_CANCER
703,REACTOME_CROSSLINKING_OF_COLLAGEN_FIBRILS
704,REACTOME_CELLULAR_RESPONSES_TO_STRESS
705,REACTOME_CONDENSATION_OF_PROPHASE_CHROMOSOMES
706,REACTOME_PHOSPHATE_BOND_HYDROLYSIS_BY_NUDT_PROTEINS
707,REACTOME_SIGNALING_BY_TYPE_1_INSULIN_LIKE_GROWTH_FACTOR_1_RECEPTOR_IGF1R
708,REACTOME_METABOLISM_OF_INGESTED_SEMET_SEC_MESEC_INTO_H2SE
709,REACTOME_SELENOAMINO_ACID_METABOLISM
710,REACTOME_DAP12_SIGNALING
711,REACTOME_ACTIVATION_OF_GENE_EXPRESSION_BY_SREBF_SREBP
712,REACTOME_SHC_RELATED_EVENTS_TRIGGERED_BY_IGF1R
713,REACTOME_THE_CANONICAL_RETINOID_CYCLE_IN_RODS_TWILIGHT_VISION
714,REACTOME_FC_EPSILON_RECEPTOR_FCERI_SIGNALING
715,REACTOME_MASTL_FACILITATES_MITOTIC_PROGRESSION
716,REACTOME_ESTABLISHMENT_OF_SISTER_CHROMATID_COHESION
717,REACTOME_COHESIN_LOADING_ONTO_CHROMATIN
718,REACTOME_DISEASES_ASSOCIATED_WITH_VISUAL_TRANSDUCTION
719,REACTOME_ACTIVATION_OF_THE_PHOTOTRANSDUCTION_CASCADE
720,REACTOME_RESOLUTION_OF_SISTER_CHROMATID_COHESION
721,REACTOME_CONDENSATION_OF_PROMETAPHASE_CHROMOSOMES
722,REACTOME_THE_PHOTOTRANSDUCTION_CASCADE
723,REACTOME_INTERACTION_WITH_CUMULUS_CELLS_AND_THE_ZONA_PELLUCIDA
724,REACTOME_MITOTIC_METAPHASE_AND_ANAPHASE
725,REACTOME_OXIDATIVE_STRESS_INDUCED_SENESCENCE
726,REACTOME_SENESCENCE_ASSOCIATED_SECRETORY_PHENOTYPE_SASP
727,REACTOME_CELLULAR_SENESCENCE
728,REACTOME_FORMATION_OF_SENESCENCE_ASSOCIATED_HETEROCHROMATIN_FOCI_SAHF
729,REACTOME_ONCOGENE_INDUCED_SENESCENCE
730,REACTOME_DNA_DAMAGE_TELOMERE_STRESS_INDUCED_SENESCENCE
731,REACTOME_TRIF_MEDIATED_PROGRAMMED_CELL_DEATH
732,REACTOME_CYTOSOLIC_IRON_SULFUR_CLUSTER_ASSEMBLY
733,REACTOME_REGULATION_OF_PLK1_ACTIVITY_AT_G2_M_TRANSITION
734,REACTOME_SIGNALING_BY_LEPTIN
735,REACTOME_SIGNALING_BY_NOTCH1_IN_CANCER
736,REACTOME_FBXW7_MUTANTS_AND_NOTCH1_IN_CANCER
737,REACTOME_INSULIN_PROCESSING
738,REACTOME_SIGNALING_BY_NOTCH1_T_7_9_NOTCH1:M1580_K2555_TRANSLOCATION_MUTANT
739,REACTOME_STIMULI_SENSING_CHANNELS
740,REACTOME_EPH_EPHRIN_SIGNALING
741,REACTOME_SIGNALING_BY_NOTCH1_HD_DOMAIN_MUTANTS_IN_CANCER
742,REACTOME_ROLE_OF_LAT2_NTAL_LAB_ON_CALCIUM_MOBILIZATION
743,REACTOME_FICOLINS_BIND_TO_REPETITIVE_CARBOHYDRATE_STRUCTURES_ON_THE_TARGET_CELL_SURFACE
744,REACTOME_FCERI_MEDIATED_MAPK_ACTIVATION
745,REACTOME_FCERI_MEDIATED_CAPLUS2_MOBILIZATION
746,REACTOME_FCERI_MEDIATED_NF_KB_ACTIVATION
747,REACTOME_POU5F1_OCT4_SOX2_NANOG_REPRESS_GENES_RELATED_TO_DIFFERENTIATION
748,REACTOME_POU5F1_OCT4_SOX2_NANOG_ACTIVATE_GENES_RELATED_TO_PROLIFERATION
749,REACTOME_NOTCH2_ACTIVATION_AND_TRANSMISSION_OF_SIGNAL_TO_THE_NUCLEUS
750,REACTOME_PEPTIDE_HORMONE_METABOLISM
751,REACTOME_NUCLEAR_ENVELOPE_BREAKDOWN
752,REACTOME_ACTIVATION_OF_NIMA_KINASES_NEK9_NEK6_NEK7
753,REACTOME_SUMOYLATION
754,REACTOME_NUCLEAR_ENVELOPE_REASSEMBLY
755,REACTOME_LAMININ_INTERACTIONS
756,REACTOME_SYNDECAN_INTERACTIONS
757,REACTOME_NON_INTEGRIN_MEMBRANE_ECM_INTERACTIONS
758,REACTOME_ECM_PROTEOGLYCANS
759,REACTOME_SCAVENGING_BY_CLASS_B_RECEPTORS
760,REACTOME_SCAVENGING_BY_CLASS_A_RECEPTORS
761,REACTOME_SCAVENGING_BY_CLASS_F_RECEPTORS
762,REACTOME_SUMO_IS_CONJUGATED_TO_E1_UBA2:SAE1
763,REACTOME_SUMO_IS_TRANSFERRED_FROM_E1_TO_E2_UBE2I_UBC9
764,REACTOME_SUMO_IS_PROTEOLYTICALLY_PROCESSED
765,REACTOME_SUMOYLATION_OF_DNA_DAMAGE_RESPONSE_AND_REPAIR_PROTEINS
766,REACTOME_DEX_H_BOX_HELICASES_ACTIVATE_TYPE_I_IFN_AND_INFLAMMATORY_CYTOKINES_PRODUCTION
767,REACTOME_LRR_FLII_INTERACTING_PROTEIN_1_LRRFIP1_ACTIVATES_TYPE_I_IFN_PRODUCTION
768,REACTOME_REGULATION_OF_INNATE_IMMUNE_RESPONSES_TO_CYTOSOLIC_DNA
769,REACTOME_HDACS_DEACETYLATE_HISTONES
770,REACTOME_PKMTS_METHYLATE_HISTONE_LYSINES
771,REACTOME_HDMS_DEMETHYLATE_HISTONES
772,REACTOME_HATS_ACETYLATE_HISTONES
773,REACTOME_RMTS_METHYLATE_HISTONE_ARGININES
774,REACTOME_PROCESSING_AND_ACTIVATION_OF_SUMO
775,REACTOME_GLYCOGEN_STORAGE_DISEASES
776,REACTOME_SUMOYLATION_OF_TRANSCRIPTION_FACTORS
777,REACTOME_SUMOYLATION_OF_UBIQUITINYLATION_PROTEINS
778,REACTOME_WNT_LIGAND_BIOGENESIS_AND_TRAFFICKING
779,REACTOME_IRF3_MEDIATED_INDUCTION_OF_TYPE_I_IFN
780,REACTOME_TRP_CHANNELS
781,REACTOME_DEFECTS_IN_COBALAMIN_B12_METABOLISM
782,REACTOME_DEFECTS_IN_VITAMIN_AND_COFACTOR_METABOLISM
783,REACTOME_DETOXIFICATION_OF_REACTIVE_OXYGEN_SPECIES
784,REACTOME_NUCLEAR_PORE_COMPLEX_NPC_DISASSEMBLY
785,REACTOME_SIGNALING_BY_TGF_BETA_RECEPTOR_COMPLEX_IN_CANCER
786,REACTOME_GLYCOGEN_SYNTHESIS
787,REACTOME_DEFECTS_IN_BIOTIN_BTN_METABOLISM
788,REACTOME_REGULATION_BY_C_FLIP
789,REACTOME_REGULATION_OF_HSF1_MEDIATED_HEAT_SHOCK_RESPONSE
790,REACTOME_HSP90_CHAPERONE_CYCLE_FOR_STEROID_HORMONE_RECEPTORS_SHR
791,REACTOME_HSF1_ACTIVATION
792,REACTOME_CELLULAR_RESPONSE_TO_HEAT_STRESS
793,REACTOME_ATTENUATION_PHASE
794,REACTOME_HSF1_DEPENDENT_TRANSACTIVATION
795,REACTOME_GRB2:SOS_PROVIDES_LINKAGE_TO_MAPK_SIGNALING_FOR_INTEGRINS
796,REACTOME_DISEASES_ASSOCIATED_WITH_GLYCOSAMINOGLYCAN_METABOLISM
797,REACTOME_DEFECTIVE_B4GALT7_CAUSES_EDS_PROGEROID_TYPE
798,REACTOME_DEFECTIVE_CHST3_CAUSES_SEDCJD
799,REACTOME_DEFECTIVE_CHST14_CAUSES_EDS_MUSCULOCONTRACTURAL_TYPE
800,REACTOME_DEFECTIVE_CHSY1_CAUSES_TPBS
801,REACTOME_DEFECTIVE_CHST6_CAUSES_MCDC1
802,REACTOME_DEFECTIVE_EXT2_CAUSES_EXOSTOSES_2
803,REACTOME_DEFECTIVE_ST3GAL3_CAUSES_MCT12_AND_EIEE15
804,REACTOME_DEFECTIVE_B4GALT1_CAUSES_B4GALT1_CDG_CDG_2D
805,REACTOME_LOSS_OF_FUNCTION_OF_TGFBR1_IN_CANCER
806,REACTOME_TRANSCRIPTIONAL_REGULATION_BY_TP53
807,REACTOME_CLASS_A_1_RHODOPSIN_LIKE_RECEPTORS
808,REACTOME_NETRIN_1_SIGNALING
809,REACTOME_NEPHRIN_FAMILY_INTERACTIONS
810,REACTOME_SIGNALING_BY_ROBO_RECEPTORS
811,REACTOME_DEACTIVATION_OF_THE_BETA_CATENIN_TRANSACTIVATING_COMPLEX
812,REACTOME_NEGATIVE_REGULATION_OF_TCF_DEPENDENT_SIGNALING_BY_WNT_LIGAND_ANTAGONISTS
813,REACTOME_DISEASES_ASSOCIATED_WITH_N_GLYCOSYLATION_OF_PROTEINS
814,REACTOME_DISEASES_OF_GLYCOSYLATION
815,REACTOME_MYOCLONIC_EPILEPSY_OF_LAFORA
816,REACTOME_TACHYKININ_RECEPTORS_BIND_TACHYKININS
817,REACTOME_CENTROSOME_MATURATION
818,REACTOME_ATF4_ACTIVATES_GENES_IN_RESPONSE_TO_ENDOPLASMIC_RETICULUM_STRESS
819,REACTOME_ATF6_ATF6_ALPHA_ACTIVATES_CHAPERONES
820,REACTOME_PERK_REGULATES_GENE_EXPRESSION
821,REACTOME_IRE1ALPHA_ACTIVATES_CHAPERONES
822,REACTOME_UNFOLDED_PROTEIN_RESPONSE_UPR
823,REACTOME_ATF6_ATF6_ALPHA_ACTIVATES_CHAPERONE_GENES
824,REACTOME_REGULATION_OF_INSULIN_LIKE_GROWTH_FACTOR_IGF_TRANSPORT_AND_UPTAKE_BY_INSULIN_LIKE_GROWTH_FACTOR_BINDING_PROTEINS_IGFBPS
825,REACTOME_GLUCAGON_LIKE_PEPTIDE_1_GLP1_REGULATES_INSULIN_SECRETION
826,REACTOME_TRANSPORT_OF_SMALL_MOLECULES
827,REACTOME_BETA_CATENIN_INDEPENDENT_WNT_SIGNALING
828,REACTOME_VASOPRESSIN_LIKE_RECEPTORS
829,REACTOME_RECEPTOR_TYPE_TYROSINE_PROTEIN_PHOSPHATASES
830,REACTOME_OREXIN_AND_NEUROPEPTIDES_FF_AND_QRFP_BIND_TO_THEIR_RESPECTIVE_RECEPTORS
831,REACTOME_ALPHA_OXIDATION_OF_PHYTANATE
832,REACTOME_GLYOXYLATE_METABOLISM_AND_GLYCINE_DEGRADATION
833,REACTOME_BETA_OXIDATION_OF_PRISTANOYL_COA
834,REACTOME_SUMOYLATION_OF_TRANSCRIPTION_COFACTORS
835,REACTOME_PD_1_SIGNALING
836,REACTOME_COOPERATION_OF_PREFOLDIN_AND_TRIC_CCT_IN_ACTIN_AND_TUBULIN_FOLDING
837,REACTOME_BETA_OXIDATION_OF_VERY_LONG_CHAIN_FATTY_ACIDS
838,REACTOME_FOLDING_OF_ACTIN_BY_CCT_TRIC
839,REACTOME_MUSCARINIC_ACETYLCHOLINE_RECEPTORS
840,REACTOME_DOPAMINE_RECEPTORS
841,REACTOME_ADRENOCEPTORS
842,REACTOME_DISEASES_ASSOCIATED_WITH_O_GLYCOSYLATION_OF_PROTEINS
843,REACTOME_SIGNAL_REGULATORY_PROTEIN_FAMILY_INTERACTIONS
844,REACTOME_LEUKOTRIENE_RECEPTORS
845,REACTOME_ADP_SIGNALLING_THROUGH_P2Y_PURINOCEPTOR_12
846,REACTOME_G_BETA:GAMMA_SIGNALLING_THROUGH_PI3KGAMMA
847,REACTOME_EPHB_MEDIATED_FORWARD_SIGNALING
848,REACTOME_EPHA_MEDIATED_GROWTH_CONE_COLLAPSE
849,REACTOME_EPHRIN_SIGNALING
850,REACTOME_EPH_EPHRIN_MEDIATED_REPULSION_OF_CELLS
851,REACTOME_G_PROTEIN_BETA:GAMMA_SIGNALLING
852,REACTOME_GLUTAMATE_BINDING_ACTIVATION_OF_AMPA_RECEPTORS_AND_SYNAPTIC_PLASTICITY
853,REACTOME_ACETYLCHOLINE_REGULATES_INSULIN_SECRETION
854,REACTOME_ADRENALINE_NORADRENALINE_INHIBITS_INSULIN_SECRETION
855,REACTOME_REGULATION_OF_LIPID_METABOLISM_BY_PEROXISOME_PROLIFERATOR_ACTIVATED_RECEPTOR_ALPHA_PPARALPHA
856,REACTOME_FREE_FATTY_ACIDS_REGULATE_INSULIN_SECRETION
857,REACTOME_SYNTHESIS_SECRETION_AND_INACTIVATION_OF_GLUCOSE_DEPENDENT_INSULINOTROPIC_POLYPEPTIDE_GIP
858,REACTOME_SIALIC_ACID_METABOLISM
859,REACTOME_SUMOYLATION_OF_SUMOYLATION_PROTEINS
860,REACTOME_CA2PLUS_PATHWAY
861,REACTOME_PCP_CE_PATHWAY
862,REACTOME_SUMOYLATION_OF_INTRACELLULAR_RECEPTORS
863,REACTOME_G_ALPHA_12_13_SIGNALLING_EVENTS
864,REACTOME_SEMA4D_MEDIATED_INHIBITION_OF_CELL_ATTACHMENT_AND_MIGRATION
865,REACTOME_REDUCTION_OF_CYTOSOLIC_CAPLUSPLUS_LEVELS
866,REACTOME_ADP_SIGNALLING_THROUGH_P2Y_PURINOCEPTOR_1
867,REACTOME_NETRIN_MEDIATED_REPULSION_SIGNALS
868,REACTOME_CASPASE_ACTIVATION_VIA_DEPENDENCE_RECEPTORS_IN_THE_ABSENCE_OF_LIGAND
869,REACTOME_ROLE_OF_SECOND_MESSENGERS_IN_NETRIN_1_SIGNALING
870,REACTOME_LYSOSPHINGOLIPID_AND_LPA_RECEPTORS
871,REACTOME_CALCITONIN_LIKE_LIGAND_RECEPTORS
872,REACTOME_NECTIN_NECL_TRANS_HETERODIMERIZATION
873,REACTOME_TRANSPORT_OF_BILE_SALTS_AND_ORGANIC_ACIDS_METAL_IONS_AND_AMINE_COMPOUNDS
874,REACTOME_BICARBONATE_TRANSPORTERS
875,REACTOME_SODIUM_CALCIUM_EXCHANGERS
876,REACTOME_SODIUM_PROTON_EXCHANGERS
877,REACTOME_ARACHIDONATE_PRODUCTION_FROM_DAG
878,REACTOME_CATION_COUPLED_CHLORIDE_COTRANSPORTERS
879,REACTOME_SMALL_INTERFERING_RNA_SIRNA_BIOGENESIS
880,REACTOME_POST_TRANSCRIPTIONAL_SILENCING_BY_SMALL_RNAS
881,REACTOME_SIRT1_NEGATIVELY_REGULATES_RRNA_EXPRESSION
882,REACTOME_ERCC6_CSB_AND_EHMT2_G9A_POSITIVELY_REGULATE_RRNA_EXPRESSION
883,REACTOME_MULTIFUNCTIONAL_ANION_EXCHANGERS
884,REACTOME_SODIUM_COUPLED_PHOSPHATE_COTRANSPORTERS
885,REACTOME_ACTIVATION_OF_RAC1
886,REACTOME_REGULATION_OF_COMMISSURAL_AXON_PATHFINDING_BY_SLIT_AND_ROBO
887,REACTOME_INACTIVATION_OF_CDC42_AND_RAC1
888,REACTOME_ORGANIC_ANION_TRANSPORTERS
889,REACTOME_ROLE_OF_ABL_IN_ROBO_SLIT_SIGNALING
890,REACTOME_GP1B_IX_V_ACTIVATION_SIGNALLING
891,REACTOME_VASOPRESSIN_REGULATES_RENAL_WATER_HOMEOSTASIS_VIA_AQUAPORINS
892,REACTOME_SODIUM_COUPLED_SULPHATE_DI_AND_TRI_CARBOXYLATE_TRANSPORTERS
893,REACTOME_PROTON_COUPLED_MONOCARBOXYLATE_TRANSPORT
894,REACTOME_FATTY_ACIDS_BOUND_TO_GPR40_FFAR1_REGULATE_INSULIN_SECRETION
895,REACTOME_ZINC_EFFLUX_AND_COMPARTMENTALIZATION_BY_THE_SLC30_FAMILY
896,REACTOME_UNBLOCKING_OF_NMDA_RECEPTORS_GLUTAMATE_BINDING_AND_ACTIVATION
897,REACTOME_BINDING_OF_TCF_LEF:CTNNB1_TO_TARGET_GENE_PROMOTERS
898,REACTOME_DEPOLYMERISATION_OF_THE_NUCLEAR_LAMINA
899,REACTOME_ZINC_INFLUX_INTO_CELLS_BY_THE_SLC39_GENE_FAMILY
900,REACTOME_NAPLUS_CL_DEPENDENT_NEUROTRANSMITTER_TRANSPORTERS
901,REACTOME_CREB1_PHOSPHORYLATION_THROUGH_THE_ACTIVATION_OF_ADENYLATE_CYCLASE
902,REACTOME_CREB1_PHOSPHORYLATION_THROUGH_THE_ACTIVATION_OF_CAMKII_CAMKK_CAMKIV_CASCASDE
903,REACTOME_CREB1_PHOSPHORYLATION_THROUGH_NMDA_RECEPTOR_MEDIATED_ACTIVATION_OF_RAS_SIGNALING
904,REACTOME_ACTIVATION_OF_NMDA_RECEPTORS_AND_POSTSYNAPTIC_EVENTS
905,REACTOME_RAS_ACTIVATION_UPON_CA2PLUS_INFLUX_THROUGH_NMDA_RECEPTOR
906,REACTOME_FREE_FATTY_ACID_RECEPTORS
907,REACTOME_RSK_ACTIVATION
908,REACTOME_FORMYL_PEPTIDE_RECEPTORS_BIND_FORMYL_PEPTIDES_AND_MANY_OTHER_LIGANDS
909,REACTOME_RELAXIN_RECEPTORS
910,REACTOME_TYPE_I_HEMIDESMOSOME_ASSEMBLY
911,REACTOME_SYNTHESIS_OF_DOLICHYL_PHOSPHATE
912,REACTOME_SYNTHESIS_OF_GDP_MANNOSE
913,REACTOME_SYNTHESIS_OF_UDP_N_ACETYL_GLUCOSAMINE
914,REACTOME_REGULATION_OF_CYTOSKELETAL_REMODELING_AND_CELL_SPREADING_BY_IPP_COMPLEX_COMPONENTS
915,REACTOME_INTERLEUKIN_1_FAMILY_SIGNALING
916,REACTOME_NRCAM_INTERACTIONS
917,REACTOME_CHL1_INTERACTIONS
918,REACTOME_NEUROFASCIN_INTERACTIONS
919,REACTOME_INTERLEUKIN_12_FAMILY_SIGNALING
920,REACTOME_INTERLEUKIN_17_SIGNALING
921,REACTOME_INTERLEUKIN_1_PROCESSING
922,REACTOME_SIGNALING_BY_INTERLEUKINS
923,REACTOME_OTHER_INTERLEUKIN_SIGNALING
924,REACTOME_ACTIVATION_OF_THE_AP_1_FAMILY_OF_TRANSCRIPTION_FACTORS
925,REACTOME_BUTYRATE_RESPONSE_FACTOR_1_BRF1_BINDS_AND_DESTABILIZES_MRNA
926,REACTOME_AUF1_HNRNP_D0_BINDS_AND_DESTABILIZES_MRNA
927,REACTOME_TRISTETRAPROLIN_TTP_ZFP36_BINDS_AND_DESTABILIZES_MRNA
928,REACTOME_HUR_ELAVL1_BINDS_AND_STABILIZES_MRNA
929,REACTOME_KSRP_KHSRP_BINDS_AND_DESTABILIZES_MRNA
930,REACTOME_INTERLEUKIN_2_FAMILY_SIGNALING
931,REACTOME_TRANSCRIPTIONAL_REGULATION_OF_PLURIPOTENT_STEM_CELLS
932,REACTOME_SUMOYLATION_OF_CHROMATIN_ORGANIZATION_PROTEINS
933,REACTOME_SUMOYLATION_OF_RNA_BINDING_PROTEINS
934,REACTOME_ASYMMETRIC_LOCALIZATION_OF_PCP_PROTEINS
935,REACTOME_SUMOYLATION_OF_DNA_REPLICATION_PROTEINS
936,REACTOME_DEGRADATION_OF_AXIN
937,REACTOME_DEGRADATION_OF_DVL
938,REACTOME_DISASSEMBLY_OF_THE_DESTRUCTION_COMPLEX_AND_RECRUITMENT_OF_AXIN_TO_THE_MEMBRANE
939,REACTOME_REGULATION_OF_FZD_BY_UBIQUITINATION
940,REACTOME_REPRESSION_OF_WNT_TARGET_GENES
941,REACTOME_SUMOYLATION_OF_DNA_METHYLATION_PROTEINS
942,REACTOME_SUMOYLATION_OF_IMMUNE_RESPONSE_PROTEINS
943,REACTOME_SIGNALING_BY_WNT_IN_CANCER
944,REACTOME_CHROMATIN_ORGANIZATION
945,REACTOME_PHOSPHORYLATION_SITE_MUTANTS_OF_CTNNB1_ARE_NOT_TARGETED_TO_THE_PROTEASOME_BY_THE_DESTRUCTION_COMPLEX
946,REACTOME_INTERCONVERSION_OF_NUCLEOTIDE_DI_AND_TRIPHOSPHATES
947,REACTOME_PRESYNAPTIC_FUNCTION_OF_KAINATE_RECEPTORS
948,REACTOME_DEFECTIVE_GALNT3_CAUSES_FAMILIAL_HYPERPHOSPHATEMIC_TUMORAL_CALCINOSIS_HFTC
949,REACTOME_DEFECTIVE_LFNG_CAUSES_SCDO3
950,REACTOME_DEFECTIVE_C1GALT1C1_CAUSES_TN_POLYAGGLUTINATION_SYNDROME_TNPS
951,REACTOME_WNT5A_DEPENDENT_INTERNALIZATION_OF_FZD4
952,REACTOME_INTERLEUKIN_3_INTERLEUKIN_5_AND_GM_CSF_SIGNALING
953,REACTOME_WNT5A_DEPENDENT_INTERNALIZATION_OF_FZD2_FZD5_AND_ROR2
954,REACTOME_O_LINKED_GLYCOSYLATION
955,REACTOME_O_GLYCOSYLATION_OF_TSR_DOMAIN_CONTAINING_PROTEINS
956,REACTOME_MITOPHAGY
957,REACTOME_PINK_PARKIN_MEDIATED_MITOPHAGY
958,REACTOME_UPTAKE_AND_FUNCTION_OF_ANTHRAX_TOXINS
959,REACTOME_REGULATED_NECROSIS
960,REACTOME_VEGFR2_MEDIATED_VASCULAR_PERMEABILITY
961,REACTOME_VEGFR2_MEDIATED_CELL_PROLIFERATION
962,REACTOME_MISCELLANEOUS_TRANSPORT_AND_BINDING_EVENTS
963,REACTOME_POSITIVE_EPIGENETIC_REGULATION_OF_RRNA_EXPRESSION
964,REACTOME_NEGATIVE_EPIGENETIC_REGULATION_OF_RRNA_EXPRESSION
965,REACTOME_TOXICITY_OF_BOTULINUM_TOXIN_TYPE_D_BONT_D
966,REACTOME_DISEASES_OF_IMMUNE_SYSTEM
967,REACTOME_DNA_METHYLATION
968,REACTOME_UPTAKE_AND_FUNCTION_OF_DIPHTHERIA_TOXIN
969,REACTOME_UPTAKE_AND_ACTIONS_OF_BACTERIAL_TOXINS
970,REACTOME_MISSPLICED_LRP5_MUTANTS_HAVE_ENHANCED_BETA_CATENIN_DEPENDENT_SIGNALING
971,REACTOME_RNF_MUTANTS_SHOW_ENHANCED_WNT_SIGNALING_AND_PROLIFERATION
972,REACTOME_CASPASE_ACTIVATION_VIA_EXTRINSIC_APOPTOTIC_SIGNALLING_PATHWAY
973,REACTOME_TNFR1_INDUCED_PROAPOPTOTIC_SIGNALING
974,REACTOME_PROGRAMMED_CELL_DEATH
975,REACTOME_REGULATION_OF_TNFR1_SIGNALING
976,REACTOME_TNFR1_INDUCED_NFKAPPAB_SIGNALING_PATHWAY
977,REACTOME_HEDGEHOG_LIGAND_BIOGENESIS
978,REACTOME_SIGNALING_BY_HEDGEHOG
979,REACTOME_SYNTHESIS_OF_DIPHTHAMIDE_EEF2
980,REACTOME_MISMATCH_REPAIR
981,REACTOME_SIGNALING_BY_RETINOIC_ACID
982,REACTOME_RELEASE_OF_HH_NP_FROM_THE_SECRETING_CELL
983,REACTOME_RA_BIOSYNTHESIS_PATHWAY
984,REACTOME_MITOCHONDRIAL_TRANSLATION
985,REACTOME_NEGATIVE_REGULATION_OF_TCF_DEPENDENT_SIGNALING_BY_DVL_INTERACTING_PROTEINS
986,REACTOME_DISEASES_OF_MISMATCH_REPAIR_MMR
987,REACTOME_AFLATOXIN_ACTIVATION_AND_DETOXIFICATION
988,REACTOME_ORGANIC_CATION_TRANSPORT
989,REACTOME_METABOLISM_OF_LIPIDS
990,REACTOME_PHASE_4_RESTING_MEMBRANE_POTENTIAL
991,REACTOME_PHASE_3_RAPID_REPOLARISATION
992,REACTOME_CARDIAC_CONDUCTION
993,REACTOME_PHASE_0_RAPID_DEPOLARISATION
994,REACTOME_PHASE_2_PLATEAU_PHASE
995,REACTOME_PHASE_1_INACTIVATION_OF_FAST_NAPLUS_CHANNELS
996,REACTOME_TRANSCRIPTIONAL_REGULATION_BY_SMALL_RNAS
997,REACTOME_PHYSIOLOGICAL_FACTORS
998,REACTOME_ION_HOMEOSTASIS
999,REACTOME_METABOLIC_DISORDERS_OF_BIOLOGICAL_OXIDATION_ENZYMES
1000,REACTOME_PIWI_INTERACTING_RNA_PIRNA_BIOGENESIS
1001,REACTOME_IKBA_VARIANT_LEADS_TO_EDA_ID
1002,REACTOME_IRAK4_DEFICIENCY_TLR2_4
1003,REACTOME_DECTIN_1_MEDIATED_NONCANONICAL_NF_KB_SIGNALING
1004,REACTOME_CLEC7A_DECTIN_1_INDUCES_NFAT_ACTIVATION
1005,REACTOME_CLEC7A_DECTIN_1_SIGNALING
1006,REACTOME_DISEASES_ASSOCIATED_WITH_GLYCOSYLATION_PRECURSOR_BIOSYNTHESIS
1007,REACTOME_ORGANIC_ANION_TRANSPORT
1008,REACTOME_DEGRADATION_OF_GLI1_BY_THE_PROTEASOME
1009,REACTOME_HEDGEHOG_OFF_STATE
1010,REACTOME_CILIUM_ASSEMBLY
1011,REACTOME_ABC_TRANSPORTER_DISORDERS
1012,REACTOME_SLC_TRANSPORTER_DISORDERS
1013,REACTOME_DEFECTIVE_TPR_MAY_CONFER_SUSCEPTIBILITY_TOWARDS_THYROID_PAPILLARY_CARCINOMA_TPC
1014,REACTOME_DISORDERS_OF_TRANSMEMBRANE_TRANSPORTERS
1015,REACTOME_ACTIVATION_OF_HOX_GENES_DURING_DIFFERENTIATION
1016,REACTOME_ANCHORING_OF_THE_BASAL_BODY_TO_THE_PLASMA_MEMBRANE
1017,REACTOME_VXPX_CARGO_TARGETING_TO_CILIUM
1018,REACTOME_CARGO_TRAFFICKING_TO_THE_PERICILIARY_MEMBRANE
1019,REACTOME_BBSOME_MEDIATED_CARGO_TARGETING_TO_CILIUM
1020,REACTOME_INTRAFLAGELLAR_TRANSPORT
1021,REACTOME_DECTIN_2_FAMILY
1022,REACTOME_C_TYPE_LECTIN_RECEPTORS_CLRS
1023,REACTOME_CD209_DC_SIGN_SIGNALING
1024,REACTOME_TRAFFICKING_OF_MYRISTOYLATED_PROTEINS_TO_THE_CILIUM
1025,REACTOME_RHO_GTPASES_ACTIVATE_PKNS
1026,REACTOME_ACTIVATED_PKN1_STIMULATES_TRANSCRIPTION_OF_AR_ANDROGEN_RECEPTOR_REGULATED_GENES_KLK2_AND_KLK3
1027,REACTOME_RHO_GTPASES_ACTIVATE_CIT
1028,REACTOME_RHO_GTPASES_ACTIVATE_KTN1
1029,REACTOME_RHO_GTPASES_ACTIVATE_IQGAPS
1030,REACTOME_TNFR1_MEDIATED_CERAMIDE_PRODUCTION
1031,REACTOME_RHO_GTPASES_ACTIVATE_ROCKS
1032,REACTOME_RHO_GTPASES_ACTIVATE_PAKS
1033,REACTOME_TP53_REGULATES_METABOLIC_GENES
1034,REACTOME_LIGAND_RECEPTOR_INTERACTIONS
1035,REACTOME_HEDGEHOG_ON_STATE
1036,REACTOME_REGULATION_OF_TP53_ACTIVITY
1037,REACTOME_TP53_REGULATES_TRANSCRIPTION_OF_CELL_DEATH_GENES
1038,REACTOME_ACTIVATION_OF_SMO
1039,REACTOME_GLI_PROTEINS_BIND_PROMOTERS_OF_HH_RESPONSIVE_GENES_TO_PROMOTE_TRANSCRIPTION
1040,REACTOME_SIGNALING_BY_EGFRVIII_IN_CANCER
1041,REACTOME_SIGNALING_BY_LIGAND_RESPONSIVE_EGFR_VARIANTS_IN_CANCER
1042,REACTOME_APEX1_INDEPENDENT_RESOLUTION_OF_AP_SITES_VIA_THE_SINGLE_NUCLEOTIDE_REPLACEMENT_PATHWAY
1043,REACTOME_PCNA_DEPENDENT_LONG_PATCH_BASE_EXCISION_REPAIR
1044,REACTOME_FRUCTOSE_METABOLISM
1045,REACTOME_VESICLE_MEDIATED_TRANSPORT
1046,REACTOME_PHOSPHOLIPASE_C_MEDIATED_CASCADE_FGFR2
1047,REACTOME_PHOSPHOLIPASE_C_MEDIATED_CASCADE_FGFR4
1048,REACTOME_DOWNSTREAM_SIGNALING_OF_ACTIVATED_FGFR1
1049,REACTOME_SHC_MEDIATED_CASCADE:FGFR1
1050,REACTOME_PI_3K_CASCADE:FGFR1
1051,REACTOME_FRS_MEDIATED_FGFR1_SIGNALING
1052,REACTOME_PI_3K_CASCADE:FGFR2
1053,REACTOME_DOWNSTREAM_SIGNALING_OF_ACTIVATED_FGFR2
1054,REACTOME_SHC_MEDIATED_CASCADE:FGFR2
1055,REACTOME_FRS_MEDIATED_FGFR2_SIGNALING
1056,REACTOME_SHC_MEDIATED_CASCADE:FGFR3
1057,REACTOME_FRS_MEDIATED_FGFR3_SIGNALING
1058,REACTOME_DOWNSTREAM_SIGNALING_OF_ACTIVATED_FGFR3
1059,REACTOME_PI_3K_CASCADE:FGFR3
1060,REACTOME_FRS_MEDIATED_FGFR4_SIGNALING
1061,REACTOME_DOWNSTREAM_SIGNALING_OF_ACTIVATED_FGFR4
1062,REACTOME_SHC_MEDIATED_CASCADE:FGFR4
1063,REACTOME_PI_3K_CASCADE:FGFR4
1064,REACTOME_NEGATIVE_REGULATION_OF_FGFR1_SIGNALING
1065,REACTOME_NEGATIVE_REGULATION_OF_FGFR2_SIGNALING
1066,REACTOME_NEGATIVE_REGULATION_OF_FGFR3_SIGNALING
1067,REACTOME_NEGATIVE_REGULATION_OF_FGFR4_SIGNALING
1068,REACTOME_SIGNALING_BY_FGFR1
1069,REACTOME_SIGNALING_BY_FGFR2
1070,REACTOME_SIGNALING_BY_FGFR3
1071,REACTOME_SIGNALING_BY_FGFR4
1072,REACTOME_SIGNALING_BY_FGFR2_IN_DISEASE
1073,REACTOME_SIGNALING_BY_FGFR4_IN_DISEASE
1074,REACTOME_SIGNALING_BY_FGFR1_IN_DISEASE
1075,REACTOME_TRANSLESION_SYNTHESIS_BY_POLK
1076,REACTOME_TERMINATION_OF_TRANSLESION_DNA_SYNTHESIS
1077,REACTOME_REGULATION_OF_RAS_BY_GAPS
1078,REACTOME_FGFRL1_MODULATION_OF_FGFR1_SIGNALING
1079,REACTOME_RESPONSE_TO_METAL_IONS
1080,REACTOME_CLEC7A_INFLAMMASOME_PATHWAY
1081,REACTOME_METALLOTHIONEINS_BIND_METALS
1082,REACTOME_FORMATION_OF_XYLULOSE_5_PHOSPHATE
1083,REACTOME_MELANIN_BIOSYNTHESIS
1084,REACTOME_DISEASES_OF_CARBOHYDRATE_METABOLISM
1085,REACTOME_DISEASES_OF_SIGNAL_TRANSDUCTION
1086,REACTOME_INFECTIOUS_DISEASE
1087,REACTOME_RHO_GTPASES_ACTIVATE_WASPS_AND_WAVES
1088,REACTOME_RHO_GTPASES_ACTIVATE_FORMINS
1089,REACTOME_RHO_GTPASES_ACTIVATE_RHOTEKIN_AND_RHOPHILINS
1090,REACTOME_TNFR2_NON_CANONICAL_NF_KB_PATHWAY
1091,REACTOME_RHO_GTPASES_ACTIVATE_NADPH_OXIDASES
1092,REACTOME_DISEASES_OF_METABOLISM
1093,REACTOME_TNFS_BIND_THEIR_PHYSIOLOGICAL_RECEPTORS
1094,REACTOME_RAF_ACTIVATION
1095,REACTOME_MAP2K_AND_MAPK_ACTIVATION
1096,REACTOME_CONSTITUTIVE_SIGNALING_BY_AKT1_E17K_IN_CANCER
1097,REACTOME_NEGATIVE_FEEDBACK_REGULATION_OF_MAPK_PATHWAY
1098,REACTOME_NEGATIVE_REGULATION_OF_MAPK_PATHWAY
1099,REACTOME_TNF_RECEPTOR_SUPERFAMILY_TNFSF_MEMBERS_MEDIATING_NON_CANONICAL_NF_KB_PATHWAY
1100,REACTOME_PROTEIN_REPAIR
1101,REACTOME_DEFECTIVE_CFTR_CAUSES_CYSTIC_FIBROSIS
1102,REACTOME_LGI_ADAM_INTERACTIONS
1103,REACTOME_MAPK_FAMILY_SIGNALING_CASCADES
1104,REACTOME_SURFACTANT_METABOLISM
1105,REACTOME_MAP3K8_TPL2_DEPENDENT_MAPK1_3_ACTIVATION
1106,REACTOME_HDR_THROUGH_SINGLE_STRAND_ANNEALING_SSA
1107,REACTOME_HDR_THROUGH_MMEJ_ALT_NHEJ
1108,REACTOME_HDR_THROUGH_HOMOLOGOUS_RECOMBINATION_HRR
1109,REACTOME_REGULATION_OF_TLR_BY_ENDOGENOUS_LIGAND
1110,REACTOME_MAPK6_MAPK4_SIGNALING
1111,REACTOME_DISEASES_ASSOCIATED_WITH_SURFACTANT_METABOLISM
1112,REACTOME_DEUBIQUITINATION
1113,REACTOME_DEFECTIVE_CSF2RB_CAUSES_PULMONARY_SURFACTANT_METABOLISM_DYSFUNCTION_5_SMDP5
1114,REACTOME_UCH_PROTEINASES
1115,REACTOME_JOSEPHIN_DOMAIN_DUBS
1116,REACTOME_UB_SPECIFIC_PROCESSING_PROTEASES
1117,REACTOME_OVARIAN_TUMOR_DOMAIN_PROTEASES
1118,REACTOME_METALLOPROTEASE_DUBS
1119,REACTOME_CD22_MEDIATED_BCR_REGULATION
1120,REACTOME_DNA_DOUBLE_STRAND_BREAK_REPAIR
1121,REACTOME_RESOLUTION_OF_D_LOOP_STRUCTURES
1122,REACTOME_HOMOLOGY_DIRECTED_REPAIR
1123,REACTOME_SENSING_OF_DNA_DOUBLE_STRAND_BREAKS
1124,REACTOME_RESOLUTION_OF_D_LOOP_STRUCTURES_THROUGH_SYNTHESIS_DEPENDENT_STRAND_ANNEALING_SDSA
1125,REACTOME_NONHOMOLOGOUS_END_JOINING_NHEJ
1126,REACTOME_HOMOLOGOUS_DNA_PAIRING_AND_STRAND_EXCHANGE
1127,REACTOME_DNA_DOUBLE_STRAND_BREAK_RESPONSE
1128,REACTOME_PROCESSING_OF_DNA_DOUBLE_STRAND_BREAK_ENDS
1129,REACTOME_CARGO_CONCENTRATION_IN_THE_ER
1130,REACTOME_DNA_DAMAGE_RECOGNITION_IN_GG_NER
1131,REACTOME_GAP_FILLING_DNA_REPAIR_SYNTHESIS_AND_LIGATION_IN_GG_NER
1132,REACTOME_GLOBAL_GENOME_NUCLEOTIDE_EXCISION_REPAIR_GG_NER
1133,REACTOME_DUAL_INCISION_IN_GG_NER
1134,REACTOME_HIGHLY_SODIUM_PERMEABLE_ACETYLCHOLINE_NICOTINIC_RECEPTORS
1135,REACTOME_HIGHLY_CALCIUM_PERMEABLE_NICOTINIC_ACETYLCHOLINE_RECEPTORS
1136,REACTOME_RNA_POLYMERASE_II_PRE_TRANSCRIPTION_EVENTS
1137,REACTOME_FORMATION_OF_TC_NER_PRE_INCISION_COMPLEX
1138,REACTOME_TRANSCRIPTION_COUPLED_NUCLEOTIDE_EXCISION_REPAIR_TC_NER
1139,REACTOME_DUAL_INCISION_IN_TC_NER
1140,REACTOME_TRNA_MODIFICATION_IN_THE_NUCLEUS_AND_CYTOSOL
1141,REACTOME_SYNTHESIS_OF_WYBUTOSINE_AT_G37_OF_TRNA_PHE
1142,REACTOME_INTERLEUKIN_6_FAMILY_SIGNALING
1143,REACTOME_INTERLEUKIN_10_SIGNALING
1144,REACTOME_TRNA_PROCESSING_IN_THE_NUCLEUS
1145,REACTOME_TRNA_PROCESSING_IN_THE_MITOCHONDRION
1146,REACTOME_ERBB2_REGULATES_CELL_MOTILITY
1147,REACTOME_INTERLEUKIN_4_AND_INTERLEUKIN_13_SIGNALING
1148,REACTOME_TRNA_MODIFICATION_IN_THE_MITOCHONDRION
1149,REACTOME_GDP_FUCOSE_BIOSYNTHESIS
1150,REACTOME_IL_6_TYPE_CYTOKINE_RECEPTOR_LIGAND_INTERACTIONS
1151,REACTOME_RRNA_MODIFICATION_IN_THE_NUCLEUS_AND_CYTOSOL
1152,REACTOME_TP53_REGULATES_TRANSCRIPTION_OF_CELL_CYCLE_GENES
1153,REACTOME_RRNA_MODIFICATION_IN_THE_MITOCHONDRION
1154,REACTOME_NEUREXINS_AND_NEUROLIGINS
1155,REACTOME_PROTEIN_PROTEIN_INTERACTIONS_AT_SYNAPSES
1156,REACTOME_TP53_REGULATES_TRANSCRIPTION_OF_DNA_REPAIR_GENES
1157,REACTOME_CHOLINE_CATABOLISM
1158,REACTOME_NEUTROPHIL_DEGRANULATION
1159,REACTOME_COMPLEX_I_BIOGENESIS
1160,REACTOME_METAL_SEQUESTRATION_BY_ANTIMICROBIAL_PROTEINS
1161,REACTOME_SIGNALING_BY_MODERATE_KINASE_ACTIVITY_BRAF_MUTANTS
1162,REACTOME_SIGNALING_BY_RAS_MUTANTS
1163,REACTOME_SIGNALING_BY_BRAF_AND_RAF_FUSIONS
1164,REACTOME_ONCOGENIC_MAPK_SIGNALING
1165,REACTOME_ANTIMICROBIAL_PEPTIDES
1166,REACTOME_TP53_REGULATES_TRANSCRIPTION_OF_GENES_INVOLVED_IN_CYTOCHROME_C_RELEASE
1167,REACTOME_TP53_REGULATES_TRANSCRIPTION_OF_SEVERAL_ADDITIONAL_CELL_DEATH_GENES_WHOSE_SPECIFIC_ROLES_IN_P53_DEPENDENT_APOPTOSIS_REMAIN_UNCERTAIN
1168,REACTOME_TP53_REGULATES_TRANSCRIPTION_OF_CASPASE_ACTIVATORS_AND_CASPASES
1169,REACTOME_TP53_REGULATES_TRANSCRIPTION_OF_DEATH_RECEPTORS_AND_LIGANDS
1170,REACTOME_FGFR2_ALTERNATIVE_SPLICING
1171,REACTOME_TP53_REGULATES_TRANSCRIPTION_OF_GENES_INVOLVED_IN_G2_CELL_CYCLE_ARREST
1172,REACTOME_TP53_REGULATES_TRANSCRIPTION_OF_ADDITIONAL_CELL_CYCLE_GENES_WHOSE_EXACT_ROLE_IN_THE_P53_PATHWAY_REMAIN_UNCERTAIN
1173,REACTOME_TP53_REGULATES_TRANSCRIPTION_OF_GENES_INVOLVED_IN_G1_CELL_CYCLE_ARREST
1174,REACTOME_REGULATION_OF_TP53_ACTIVITY_THROUGH_PHOSPHORYLATION
1175,REACTOME_REGULATION_OF_TP53_ACTIVITY_THROUGH_ACETYLATION
1176,REACTOME_REGULATION_OF_TP53_ACTIVITY_THROUGH_ASSOCIATION_WITH_CO_FACTORS
1177,REACTOME_REGULATION_OF_TP53_ACTIVITY_THROUGH_METHYLATION
1178,REACTOME_KERATINIZATION
1179,REACTOME_REGULATION_OF_TP53_EXPRESSION_AND_DEGRADATION
1180,REACTOME_METABOLISM_OF_FAT_SOLUBLE_VITAMINS
1181,REACTOME_SIGNALING_BY_MET
1182,REACTOME_MET_RECEPTOR_ACTIVATION
1183,REACTOME_NEGATIVE_REGULATION_OF_MET_ACTIVITY
1184,REACTOME_PTEN_REGULATION
1185,REACTOME_RNA_POLYMERASE_II_TRANSCRIBES_SNRNA_GENES
1186,REACTOME_COPI_MEDIATED_ANTEROGRADE_TRANSPORT
1187,REACTOME_FORMATION_OF_THE_CORNIFIED_ENVELOPE
1188,REACTOME_COPI_DEPENDENT_GOLGI_TO_ER_RETROGRADE_TRAFFIC
1189,REACTOME_COPI_INDEPENDENT_GOLGI_TO_ER_RETROGRADE_TRAFFIC
1190,REACTOME_INTRA_GOLGI_TRAFFIC
1191,REACTOME_RETROGRADE_TRANSPORT_AT_THE_TRANS_GOLGI_NETWORK
1192,REACTOME_INTRA_GOLGI_AND_RETROGRADE_GOLGI_TO_ER_TRAFFIC
1193,REACTOME_PI5P_REGULATES_TP53_ACETYLATION
1194,REACTOME_COOPERATION_OF_PDCL_PHLP1_AND_TRIC_CCT_IN_G_PROTEIN_BETA_FOLDING
1195,REACTOME_GLYCEROPHOSPHOLIPID_CATABOLISM
1196,REACTOME_ASSEMBLY_OF_THE_ORC_COMPLEX_AT_THE_ORIGIN_OF_REPLICATION
1197,REACTOME_CDC6_ASSOCIATION_WITH_THE_ORC:ORIGIN_COMPLEX
1198,REACTOME_MITOTIC_PROPHASE
1199,REACTOME_MITOTIC_TELOPHASE_CYTOKINESIS
1200,REACTOME_M_PHASE
1201,REACTOME_G2_PHASE
1202,REACTOME_DNA_REPLICATION_INITIATION
1203,REACTOME_DNA_REPLICATION_PRE_INITIATION
1204,REACTOME_SWITCHING_OF_ORIGINS_TO_A_POST_REPLICATIVE_STATE
1205,REACTOME_LEADING_STRAND_SYNTHESIS
1206,REACTOME_CYCLIN_A_B1_B2_ASSOCIATED_EVENTS_DURING_G2_M_TRANSITION
1207,REACTOME_G2_M_DNA_REPLICATION_CHECKPOINT
1208,REACTOME_STABILIZATION_OF_P53
1209,REACTOME_G1_S_DNA_DAMAGE_CHECKPOINTS
1210,REACTOME_MITOTIC_SPINDLE_CHECKPOINT
1211,REACTOME_CYCLIN_A:CDK2_ASSOCIATED_EVENTS_AT_S_PHASE_ENTRY
1212,REACTOME_FRUCTOSE_CATABOLISM
1213,REACTOME_GALACTOSE_CATABOLISM
1214,REACTOME_UREA_CYCLE
1215,REACTOME_HISTIDINE_CATABOLISM
1216,REACTOME_PROPIONYL_COA_CATABOLISM
1217,REACTOME_LYSINE_CATABOLISM
1218,REACTOME_CREATINE_METABOLISM
1219,REACTOME_PENTOSE_PHOSPHATE_PATHWAY
1220,REACTOME_MRNA_EDITING:_C_TO_U_CONVERSION
1221,REACTOME_TRNA_PROCESSING
1222,REACTOME_RRNA_PROCESSING
1223,REACTOME_EUKARYOTIC_TRANSLATION_INITIATION
1224,REACTOME_RECYCLING_OF_EIF2:GDP
1225,REACTOME_TRANSPORT_OF_NUCLEOTIDE_SUGARS
1226,REACTOME_PYRIMIDINE_SALVAGE
1227,REACTOME_RNA_POLYMERASE_I_TRANSCRIPTION_INITIATION
1228,REACTOME_RNA_POLYMERASE_I_PROMOTER_ESCAPE
1229,REACTOME_RNA_POLYMERASE_II_TRANSCRIPTION_PRE_INITIATION_AND_PROMOTER_OPENING
1230,REACTOME_RNA_POLYMERASE_III_CHAIN_ELONGATION
1231,REACTOME_RNA_POLYMERASE_II_TRANSCRIPTION_TERMINATION
1232,REACTOME_RNA_POLYMERASE_I_TRANSCRIPTION_TERMINATION
1233,REACTOME_RNA_POLYMERASE_I_TRANSCRIPTION
1234,REACTOME_DEATH_RECEPTOR_SIGNALLING
1235,REACTOME_DNA_DAMAGE_BYPASS
1236,REACTOME_DEPURINATION
1237,REACTOME_BASE_EXCISION_REPAIR_AP_SITE_FORMATION
1238,REACTOME_RESOLUTION_OF_ABASIC_SITES_AP_SITES
1239,REACTOME_DNA_DAMAGE_REVERSAL
1240,REACTOME_RNA_POLYMERASE_III_TRANSCRIPTION_TERMINATION
1241,REACTOME_RNA_POLYMERASE_III_TRANSCRIPTION
1242,REACTOME_GENE_EXPRESSION_TRANSCRIPTION
1243,REACTOME_KETONE_BODY_METABOLISM
1244,REACTOME_IRS_ACTIVATION
1245,REACTOME_CHK1_CHK2_CDS1_MEDIATED_INACTIVATION_OF_CYCLIN_B:CDK1_COMPLEX
1246,REACTOME_MRNA_EDITING
1247,REACTOME_FASL_CD95L_SIGNALING
1248,REACTOME_TRAIL_SIGNALING
1249,REACTOME_DISSOLUTION_OF_FIBRIN_CLOT
1250,REACTOME_TNF_SIGNALING
1251,REACTOME_RNA_POLYMERASE_II_TRANSCRIPTION_ELONGATION
1252,REACTOME_RESPONSE_TO_ELEVATED_PLATELET_CYTOSOLIC_CA2PLUS
1253,REACTOME_RNA_POLYMERASE_III_TRANSCRIPTION_INITIATION_FROM_TYPE_1_PROMOTER
1254,REACTOME_RNA_POLYMERASE_III_TRANSCRIPTION_INITIATION_FROM_TYPE_3_PROMOTER
1255,REACTOME_SYNTHESIS_OF_KETONE_BODIES
1256,REACTOME_MITOCHONDRIAL_FATTY_ACID_BETA_OXIDATION_OF_SATURATED_FATTY_ACIDS
1257,REACTOME_MITOCHONDRIAL_FATTY_ACID_BETA_OXIDATION_OF_UNSATURATED_FATTY_ACIDS
1258,REACTOME_BETA_OXIDATION_OF_LAUROYL_COA_TO_DECANOYL_COA_COA
1259,REACTOME_BETA_OXIDATION_OF_DECANOYL_COA_TO_OCTANOYL_COA_COA
1260,REACTOME_BETA_OXIDATION_OF_OCTANOYL_COA_TO_HEXANOYL_COA
1261,REACTOME_BETA_OXIDATION_OF_HEXANOYL_COA_TO_BUTANOYL_COA
1262,REACTOME_BETA_OXIDATION_OF_BUTANOYL_COA_TO_ACETYL_COA
1263,REACTOME_NUCLEOSOME_ASSEMBLY
1264,REACTOME_TRANSPORT_OF_FATTY_ACIDS
1265,REACTOME_TRANSPORT_OF_NUCLEOSIDES_AND_FREE_PURINE_AND_PYRIMIDINE_BASES_ACROSS_THE_PLASMA_MEMBRANE
1266,REACTOME_ERBB2_ACTIVATES_PTK6_SIGNALING
1267,REACTOME_WAX_AND_PLASMALOGEN_BIOSYNTHESIS
1268,REACTOME_PTK6_REGULATES_PROTEINS_INVOLVED_IN_RNA_PROCESSING
1269,REACTOME_PTK6_REGULATES_RTKS_AND_THEIR_EFFECTORS_AKT1_AND_DOK1
1270,REACTOME_PTK6_REGULATES_CELL_CYCLE
1271,REACTOME_PTK6_REGULATES_RHO_GTPASES_RAS_GTPASE_AND_MAP_KINASES
1272,REACTOME_PTK6_EXPRESSION
1273,REACTOME_SYNAPTIC_ADHESION_LIKE_MOLECULES
1274,REACTOME_PHOSPHATE_BOND_HYDROLYSIS_BY_NTPDASE_PROTEINS
1275,REACTOME_BUTYROPHILIN_BTN_FAMILY_INTERACTIONS
1276,REACTOME_SIGNALING_BY_FGFR2_IIIA_TM
1277,REACTOME_MET_ACTIVATES_RAS_SIGNALING
1278,REACTOME_MET_ACTIVATES_PI3K_AKT_SIGNALING
1279,REACTOME_PROTEIN_UBIQUITINATION
1280,REACTOME_THE_ROLE_OF_GTSE1_IN_G2_M_PROGRESSION_AFTER_G2_CHECKPOINT
1281,REACTOME_SIGNALING_BY_MST1
1282,REACTOME_SIGNALING_BY_FGFR3_FUSIONS_IN_CANCER
1283,REACTOME_RET_SIGNALING
1284,REACTOME_FBXL7_DOWN_REGULATES_AURKA_DURING_MITOTIC_ENTRY_AND_IN_EARLY_MITOSIS
1285,REACTOME_TBC_RABGAPS
1286,REACTOME_AURKA_ACTIVATION_BY_TPX2
1287,REACTOME_INTERLEUKIN_20_FAMILY_SIGNALING
1288,REACTOME_GOLGI_TO_ER_RETROGRADE_TRANSPORT
1289,REACTOME_CARGO_RECOGNITION_FOR_CLATHRIN_MEDIATED_ENDOCYTOSIS
1290,REACTOME_CLATHRIN_MEDIATED_ENDOCYTOSIS
1291,REACTOME_PTK6_PROMOTES_HIF1A_STABILIZATION
1292,REACTOME_NEURODEGENERATIVE_DISEASES
1293,REACTOME_DOWNREGULATION_OF_ERBB2_SIGNALING
1294,REACTOME_TRANSCRIPTIONAL_REGULATION_BY_THE_AP_2_TFAP2_FAMILY_OF_TRANSCRIPTION_FACTORS
1295,REACTOME_MET_ACTIVATES_PTPN11
1296,REACTOME_REELIN_SIGNALLING_PATHWAY
1297,REACTOME_VLDL_ASSEMBLY
1298,REACTOME_VLDLR_INTERNALISATION_AND_DEGRADATION
1299,REACTOME_SYNTHESIS_OF_ACTIVE_UBIQUITIN:_ROLES_OF_E1_AND_E2_ENZYMES
1300,REACTOME_E3_UBIQUITIN_LIGASES_UBIQUITINATE_TARGET_PROTEINS
1301,REACTOME_NEGATIVE_REGULATION_OF_ACTIVITY_OF_TFAP2_AP_2_FAMILY_TRANSCRIPTION_FACTORS
1302,REACTOME_ACTIVATION_OF_THE_TFAP2_AP_2_FAMILY_OF_TRANSCRIPTION_FACTORS
1303,REACTOME_TFAP2_AP_2_FAMILY_REGULATES_TRANSCRIPTION_OF_GROWTH_FACTORS_AND_THEIR_RECEPTORS
1304,REACTOME_TFAP2_AP_2_FAMILY_REGULATES_TRANSCRIPTION_OF_CELL_CYCLE_FACTORS
1305,REACTOME_RRNA_PROCESSING_IN_THE_MITOCHONDRION
1306,REACTOME_RRNA_PROCESSING_IN_THE_NUCLEUS_AND_CYTOSOL
1307,REACTOME_TFAP2A_ACTS_AS_A_TRANSCRIPTIONAL_REPRESSOR_DURING_RETINOIC_ACID_INDUCED_CELL_DIFFERENTIATION
1308,REACTOME_RAB_GERANYLGERANYLATION
1309,REACTOME_MET_ACTIVATES_PTK2_SIGNALING
1310,REACTOME_CREB3_FACTORS_ACTIVATE_GENES
1311,REACTOME_INLB_MEDIATED_ENTRY_OF_LISTERIA_MONOCYTOGENES_INTO_HOST_CELL
1312,REACTOME_MET_INTERACTS_WITH_TNS_PROTEINS
1313,REACTOME_MET_ACTIVATES_RAP1_AND_RAC1
1314,REACTOME_MET_RECEPTOR_RECYCLING
1315,REACTOME_MET_PROMOTES_CELL_MOTILITY
1316,REACTOME_RAB_GEFS_EXCHANGE_GTP_FOR_GDP_ON_RABS
1317,REACTOME_LISTERIA_MONOCYTOGENES_ENTRY_INTO_HOST_CELLS
1318,REACTOME_INLA_MEDIATED_ENTRY_OF_LISTERIA_MONOCYTOGENES_INTO_HOST_CELLS
1319,REACTOME_PROTEIN_METHYLATION
1320,REACTOME_RUNX1_AND_FOXP3_CONTROL_THE_DEVELOPMENT_OF_REGULATORY_T_LYMPHOCYTES_TREGS
1321,REACTOME_TRANSCRIPTIONAL_REGULATION_BY_RUNX3
1322,REACTOME_TRANSCRIPTIONAL_REGULATION_BY_RUNX2
1323,REACTOME_TRANSCRIPTIONAL_REGULATION_BY_RUNX1
1324,REACTOME_RUNX1_REGULATES_ESTROGEN_RECEPTOR_MEDIATED_TRANSCRIPTION
1325,REACTOME_REGULATION_OF_RUNX1_EXPRESSION_AND_ACTIVITY
1326,REACTOME_RECEPTOR_MEDIATED_MITOPHAGY
1327,REACTOME_DIGESTION
1328,REACTOME_RUNX1_REGULATES_EXPRESSION_OF_COMPONENTS_OF_TIGHT_JUNCTIONS
1329,REACTOME_RUNX1_REGULATES_GENES_INVOLVED_IN_MEGAKARYOCYTE_DIFFERENTIATION_AND_PLATELET_FUNCTION
1330,REACTOME_ARYL_HYDROCARBON_RECEPTOR_SIGNALLING
1331,REACTOME_ESR_MEDIATED_SIGNALING
1332,REACTOME_RUNX1_REGULATES_TRANSCRIPTION_OF_GENES_INVOLVED_IN_DIFFERENTIATION_OF_HSCS
1333,REACTOME_RUNX1_REGULATES_TRANSCRIPTION_OF_GENES_INVOLVED_IN_DIFFERENTIATION_OF_KERATINOCYTES
1334,REACTOME_RUNX1_INTERACTS_WITH_CO_FACTORS_WHOSE_PRECISE_EFFECT_ON_RUNX1_TARGETS_IS_NOT_KNOWN
1335,REACTOME_RUNX1_REGULATES_TRANSCRIPTION_OF_GENES_INVOLVED_IN_BCR_SIGNALING
1336,REACTOME_RUNX1_REGULATES_TRANSCRIPTION_OF_GENES_INVOLVED_IN_DIFFERENTIATION_OF_MYELOID_CELLS
1337,REACTOME_RUNX1_REGULATES_TRANSCRIPTION_OF_GENES_INVOLVED_IN_INTERLEUKIN_SIGNALING
1338,REACTOME_RUNX1_REGULATES_TRANSCRIPTION_OF_GENES_INVOLVED_IN_WNT_SIGNALING
1339,REACTOME_REGULATION_OF_RUNX2_EXPRESSION_AND_ACTIVITY
1340,REACTOME_RUNX2_REGULATES_OSTEOBLAST_DIFFERENTIATION
1341,REACTOME_RUNX2_REGULATES_CHONDROCYTE_MATURATION
1342,REACTOME_RUNX2_REGULATES_BONE_DEVELOPMENT
1343,REACTOME_RUNX2_REGULATES_GENES_INVOLVED_IN_CELL_MIGRATION
1344,REACTOME_RUNX3_REGULATES_CDKN1A_TRANSCRIPTION
1345,REACTOME_RUNX3_REGULATES_NOTCH_SIGNALING
1346,REACTOME_REGULATION_OF_RUNX3_EXPRESSION_AND_ACTIVITY
1347,REACTOME_REGULATION_OF_PTEN_MRNA_TRANSLATION
1348,REACTOME_REGULATION_OF_PTEN_GENE_TRANSCRIPTION
1349,REACTOME_COLLAGEN_CHAIN_TRIMERIZATION
1350,REACTOME_COMPETING_ENDOGENOUS_RNAS_CERNAS_REGULATE_PTEN_TRANSLATION
1351,REACTOME_REGULATION_OF_PTEN_LOCALIZATION
1352,REACTOME_REGULATION_OF_PTEN_STABILITY_AND_ACTIVITY
1353,REACTOME_MITOCHONDRIAL_CALCIUM_ION_TRANSPORT
1354,REACTOME_RUNX3_REGULATES_IMMUNE_RESPONSE_AND_CELL_MIGRATION
1355,REACTOME_CRISTAE_FORMATION
1356,REACTOME_PROCESSING_OF_SMDT1
1357,REACTOME_GENE_AND_PROTEIN_EXPRESSION_BY_JAK_STAT_SIGNALING_AFTER_INTERLEUKIN_12_STIMULATION
1358,REACTOME_RUNX3_REGULATES_WNT_SIGNALING
1359,REACTOME_NEDDYLATION
1360,REACTOME_RUNX3_REGULATES_YAP1_MEDIATED_TRANSCRIPTION
1361,REACTOME_RUNX3_REGULATES_P14_ARF
1362,REACTOME_RUNX3_REGULATES_BCL2L11_BIM_TRANSCRIPTION
1363,REACTOME_TRANSCRIPTIONAL_REGULATION_BY_E2F6
1364,REACTOME_CELLULAR_RESPONSES_TO_EXTERNAL_STIMULI
1365,REACTOME_CARBOXYTERMINAL_POST_TRANSLATIONAL_MODIFICATIONS_OF_TUBULIN
1366,REACTOME_NUCLEOBASE_CATABOLISM
1367,REACTOME_NUCLEOBASE_BIOSYNTHESIS
1368,REACTOME_NUCLEOTIDE_SALVAGE
1369,REACTOME_METABOLISM_OF_STEROIDS
1370,REACTOME_INTESTINAL_ABSORPTION
1371,REACTOME_TYROSINE_CATABOLISM
1372,REACTOME_PHENYLALANINE_AND_TYROSINE_METABOLISM
1373,REACTOME_ASPARTATE_AND_ASPARAGINE_METABOLISM
1374,REACTOME_DIGESTION_AND_ABSORPTION
1375,REACTOME_CHYLOMICRON_ASSEMBLY
1376,REACTOME_ASSEMBLY_OF_ACTIVE_LPL_AND_LIPC_LIPASE_COMPLEXES
1377,REACTOME_HDL_ASSEMBLY
1378,REACTOME_PLASMA_LIPOPROTEIN_ASSEMBLY
1379,REACTOME_PLASMA_LIPOPROTEIN_REMODELING
1380,REACTOME_CHYLOMICRON_REMODELING
1381,REACTOME_HDL_CLEARANCE
1382,REACTOME_CHYLOMICRON_CLEARANCE
1383,REACTOME_LDL_CLEARANCE
1384,REACTOME_PLASMA_LIPOPROTEIN_CLEARANCE
1385,REACTOME_VLDL_CLEARANCE
1386,REACTOME_HDL_REMODELING
1387,REACTOME_PHENYLALANINE_METABOLISM
1388,REACTOME_GLUTAMATE_AND_GLUTAMINE_METABOLISM
1389,REACTOME_LIPID_PARTICLE_ORGANIZATION
1390,REACTOME_G_BETA:GAMMA_SIGNALLING_THROUGH_CDC42
1391,REACTOME_FATTY_ACID_METABOLISM
1392,REACTOME_METABOLISM_OF_COFACTORS
1393,REACTOME_TRIGLYCERIDE_METABOLISM
1394,REACTOME_GLYCOGEN_METABOLISM
1395,REACTOME_INTERLEUKIN_15_SIGNALING
1396,REACTOME_OAS_ANTIVIRAL_RESPONSE
1397,REACTOME_INTERLEUKIN_35_SIGNALLING
1398,REACTOME_INTERLEUKIN_9_SIGNALING
1399,REACTOME_TRANSCRIPTIONAL_REGULATION_BY_MECP2
1400,REACTOME_PERVASIVE_DEVELOPMENTAL_DISORDERS
1401,REACTOME_SIGNALING_BY_NTRK2_TRKB
1402,REACTOME_SIGNALING_BY_ERYTHROPOIETIN
1403,REACTOME_INTEGRIN_SIGNALING
1404,REACTOME_INTRACELLULAR_SIGNALING_BY_SECOND_MESSENGERS
1405,REACTOME_SIGNALING_BY_NON_RECEPTOR_TYROSINE_KINASES
1406,REACTOME_SIGNALING_BY_NUCLEAR_RECEPTORS
1407,REACTOME_SIGNALING_BY_RECEPTOR_TYROSINE_KINASES
1408,REACTOME_SIGNALING_BY_TGF_BETA_FAMILY_MEMBERS
1409,REACTOME_RAB_REGULATION_OF_TRAFFICKING
1410,REACTOME_INTERLEUKIN_37_SIGNALING
1411,REACTOME_EXTRA_NUCLEAR_ESTROGEN_SIGNALING
1412,REACTOME_ER_QUALITY_CONTROL_COMPARTMENT_ERQC
1413,REACTOME_REGULATION_OF_EXPRESSION_OF_SLITS_AND_ROBOS
1414,REACTOME_ROBO_RECEPTORS_BIND_AKAP5
1415,REACTOME_INTERLEUKIN_18_SIGNALING
1416,REACTOME_NOTCH3_ACTIVATION_AND_TRANSMISSION_OF_SIGNAL_TO_THE_NUCLEUS
1417,REACTOME_NOTCH3_INTRACELLULAR_DOMAIN_REGULATES_TRANSCRIPTION
1418,REACTOME_NOTCH4_INTRACELLULAR_DOMAIN_REGULATES_TRANSCRIPTION
1419,REACTOME_NOTCH4_ACTIVATION_AND_TRANSMISSION_OF_SIGNAL_TO_THE_NUCLEUS
1420,REACTOME_TLR3_MEDIATED_TICAM1_DEPENDENT_PROGRAMMED_CELL_DEATH
1421,REACTOME_TICAM1_DEPENDENT_ACTIVATION_OF_IRF3_IRF7
1422,REACTOME_TICAM1_TRAF6_DEPENDENT_INDUCTION_OF_TAK1_COMPLEX
1423,REACTOME_INTERLEUKIN_36_PATHWAY
1424,REACTOME_NONCANONICAL_ACTIVATION_OF_NOTCH3
1425,REACTOME_ESTROGEN_DEPENDENT_GENE_EXPRESSION
1426,REACTOME_BIOSYNTHESIS_OF_SPECIALIZED_PRORESOLVING_MEDIATORS_SPMS
1427,REACTOME_BIOSYNTHESIS_OF_EPA_DERIVED_SPMS
1428,REACTOME_BIOSYNTHESIS_OF_MARESINS
1429,REACTOME_BIOSYNTHESIS_OF_E_SERIES_18_S_RESOLVINS
1430,REACTOME_INTERLEUKIN_2_SIGNALING
1431,REACTOME_INTERLEUKIN_12_SIGNALING
1432,REACTOME_INTERLEUKIN_1_SIGNALING
1433,REACTOME_INTERLEUKIN_23_SIGNALING
1434,REACTOME_INTERLEUKIN_27_SIGNALING
1435,REACTOME_INTERLEUKIN_21_SIGNALING
1436,REACTOME_LOSS_OF_MECP2_BINDING_ABILITY_TO_THE_NCOR_SMRT_COMPLEX
1437,REACTOME_REGULATION_OF_MECP2_EXPRESSION_AND_ACTIVITY
1438,REACTOME_MECP2_REGULATES_NEURONAL_RECEPTORS_AND_CHANNELS
1439,REACTOME_MECP2_REGULATES_TRANSCRIPTION_OF_NEURONAL_LIGANDS
1440,REACTOME_MECP2_REGULATES_TRANSCRIPTION_FACTORS
1441,REACTOME_ACTIVATED_NTRK2_SIGNALS_THROUGH_RAS
1442,REACTOME_ERYTHROPOIETIN_ACTIVATES_PHOSPHOINOSITIDE_3_KINASE_PI3K
1443,REACTOME_ERYTHROPOIETIN_ACTIVATES_PHOSPHOLIPASE_C_GAMMA_PLCG
1444,REACTOME_ERYTHROPOIETIN_ACTIVATES_STAT5
1445,REACTOME_ERYTHROPOIETIN_ACTIVATES_RAS
1446,REACTOME_BIOSYNTHESIS_OF_MARESIN_LIKE_SPMS
1447,REACTOME_ACTIVATED_NTRK2_SIGNALS_THROUGH_PI3K
1448,REACTOME_ACTIVATED_NTRK2_SIGNALS_THROUGH_FRS2_AND_FRS3
1449,REACTOME_ACTIVATED_NTRK2_SIGNALS_THROUGH_FYN
1450,REACTOME_NTRK2_ACTIVATES_RAC1
1451,REACTOME_ACTIVATED_NTRK2_SIGNALS_THROUGH_CDK5
1452,REACTOME_PEROXISOMAL_PROTEIN_IMPORT
1453,REACTOME_TYSND1_CLEAVES_PEROXISOMAL_PROTEINS
1454,REACTOME_BLOOD_GROUP_SYSTEMS_BIOSYNTHESIS
1455,REACTOME_SIGNALING_BY_NTRK3_TRKC
1456,REACTOME_ACTIVATED_NTRK3_SIGNALS_THROUGH_RAS
1457,REACTOME_INTERLEUKIN_RECEPTOR_SHC_SIGNALING
1458,REACTOME_NONSENSE_MEDIATED_DECAY_NMD
1459,REACTOME_TRAF6_MEDIATED_NF_KB_ACTIVATION
1460,REACTOME_NF_KB_ACTIVATION_THROUGH_FADD_RIP_1_PATHWAY_MEDIATED_BY_CASPASE_8_AND_10
1461,REACTOME_NEGATIVE_REGULATORS_OF_DDX58_IFIH1_SIGNALING
1462,REACTOME_IRAK2_MEDIATED_ACTIVATION_OF_TAK1_COMPLEX
1463,REACTOME_TRIF_TICAM1_MEDIATED_TLR4_SIGNALING
1464,REACTOME_TRAF6_MEDIATED_INDUCTION_OF_TAK1_COMPLEX_WITHIN_TLR4_COMPLEX
1465,REACTOME_MOLYBDENUM_COFACTOR_BIOSYNTHESIS
1466,REACTOME_ACTIVATED_NTRK3_SIGNALS_THROUGH_PI3K
1467,REACTOME_CLASS_I_PEROXISOMAL_MEMBRANE_PROTEIN_IMPORT
1468,REACTOME_NEGATIVE_REGULATION_OF_NOTCH4_SIGNALING
1469,REACTOME_PROTEIN_LOCALIZATION
1470,REACTOME_INSERTION_OF_TAIL_ANCHORED_PROTEINS_INTO_THE_ENDOPLASMIC_RETICULUM_MEMBRANE
1471,REACTOME_ASSEMBLY_AND_CELL_SURFACE_PRESENTATION_OF_NMDA_RECEPTORS
1472,REACTOME_AUTOPHAGY
1473,REACTOME_LIPOPHAGY
1474,REACTOME_CHAPERONE_MEDIATED_AUTOPHAGY
1475,REACTOME_FOXO_MEDIATED_TRANSCRIPTION
1476,REACTOME_REGULATION_OF_LOCALIZATION_OF_FOXO_TRANSCRIPTION_FACTORS
1477,REACTOME_FOXO_MEDIATED_TRANSCRIPTION_OF_CELL_DEATH_GENES
1478,REACTOME_FOXO_MEDIATED_TRANSCRIPTION_OF_OXIDATIVE_STRESS_METABOLIC_AND_NEURONAL_GENES
1479,REACTOME_MICROAUTOPHAGY
1480,REACTOME_TRANSCRIPTIONAL_REGULATION_OF_GRANULOPOIESIS
1481,REACTOME_NEGATIVE_REGULATION_OF_NMDA_RECEPTOR_MEDIATED_NEURONAL_TRANSMISSION
1482,REACTOME_REGULATION_OF_FOXO_TRANSCRIPTIONAL_ACTIVITY_BY_ACETYLATION
1483,REACTOME_FOXO_MEDIATED_TRANSCRIPTION_OF_CELL_CYCLE_GENES
1484,REACTOME_ACTIVATION_OF_RAC1_DOWNSTREAM_OF_NMDARS
1485,REACTOME_ACTIVATION_OF_AMPK_DOWNSTREAM_OF_NMDARS
1486,REACTOME_LONG_TERM_POTENTIATION
1487,REACTOME_REGULATION_OF_GLYCOLYSIS_BY_FRUCTOSE_2_6_BISPHOSPHATE_METABOLISM
1488,REACTOME_ESTROGEN_STIMULATED_SIGNALING_THROUGH_PRKCZ
1489,REACTOME_ESTROGEN_DEPENDENT_NUCLEAR_EVENTS_DOWNSTREAM_OF_ESR_MEMBRANE_SIGNALING
1490,REACTOME_STAT5_ACTIVATION
1491,REACTOME_N_GLYCAN_TRIMMING_AND_ELONGATION_IN_THE_CIS_GOLGI
1492,REACTOME_REACTIONS_SPECIFIC_TO_THE_COMPLEX_N_GLYCAN_SYNTHESIS_PATHWAY
1493,REACTOME_MYD88_CASCADE_INITIATED_ON_PLASMA_MEMBRANE
1494,REACTOME_NONSENSE_MEDIATED_DECAY_NMD_INDEPENDENT_OF_THE_EXON_JUNCTION_COMPLEX_EJC
1495,REACTOME_AMYLOID_FIBER_FORMATION
1496,REACTOME_SERINE_BIOSYNTHESIS
1497,REACTOME_ANTIGEN_PROCESSING:_UBIQUITINATION_PROTEASOME_DEGRADATION
1498,REACTOME_ANTIGEN_PRESENTATION:_FOLDING_ASSEMBLY_AND_PEPTIDE_LOADING_OF_CLASS_I_MHC
1499,REACTOME_ANTIGEN_ACTIVATES_B_CELL_RECEPTOR_BCR_LEADING_TO_GENERATION_OF_SECOND_MESSENGERS
